[debug] [2026-04-25T00:09:11.376Z] ----------------------------------------------------------------------
[debug] [2026-04-25T00:09:11.381Z] Command:       /opt/homebrew/Cellar/node/25.6.1/bin/node /opt/homebrew/bin/firebase functions:secrets:access STUDY_USERNAME --project genai-radiology
[debug] [2026-04-25T00:09:11.381Z] CLI Version:   15.6.0
[debug] [2026-04-25T00:09:11.381Z] Platform:      darwin
[debug] [2026-04-25T00:09:11.381Z] Node Version:  v25.6.1
[debug] [2026-04-25T00:09:11.381Z] Time:          Fri Apr 24 2026 20:09:11 GMT-0400 (Eastern Daylight Time)
[debug] [2026-04-25T00:09:11.381Z] ----------------------------------------------------------------------
[debug] 
[debug] [2026-04-25T00:09:11.382Z] >>> [apiv2][query] GET https://firebase-public.firebaseio.com/cli.json [none]
[debug] [2026-04-25T00:09:11.479Z] > command requires scopes: ["email","openid","https://www.googleapis.com/auth/cloudplatformprojects.readonly","https://www.googleapis.com/auth/firebase","https://www.googleapis.com/auth/cloud-platform"]
[debug] [2026-04-25T00:09:11.480Z] > authorizing via signed-in user (katelyncmorrison98@gmail.com)
[debug] [2026-04-25T00:09:11.480Z] Checked if tokens are valid: false, expires at: 1771351554573
[debug] [2026-04-25T00:09:11.480Z] Checked if tokens are valid: false, expires at: 1771351554573
[debug] [2026-04-25T00:09:11.481Z] > refreshing access token with scopes: []
[debug] [2026-04-25T00:09:11.481Z] >>> [apiv2][query] POST https://www.googleapis.com/oauth2/v3/token [none]
[debug] [2026-04-25T00:09:11.482Z] >>> [apiv2][body] POST https://www.googleapis.com/oauth2/v3/token [omitted]
[debug] [2026-04-25T00:09:11.484Z] *** [apiv2] error from fetch(https://firebase-public.firebaseio.com/cli.json, {"headers":{},"method":"GET"}): FetchError: request to https://firebase-public.firebaseio.com/cli.json failed, reason: getaddrinfo ENOTFOUND firebase-public.firebaseio.com
[warn] ⚠  Unable to fetch the CLI MOTD and remote config. This is not a fatal error, but may indicate an issue with your network connection. 
[debug] [2026-04-25T00:09:11.484Z] Failed to fetch MOTD FirebaseError: Failed to make request to https://firebase-public.firebaseio.com/cli.json
[debug] [2026-04-25T00:09:11.484Z] *** [apiv2] error from fetch(https://www.googleapis.com/oauth2/v3/token, {"headers":{},"method":"POST","body":{"_overheadLength":545,"_valueLength":212,"_valuesToMeasure":[],"writable":false,"readable":true,"dataSize":0,"maxDataSize":2097152,"pauseStreams":true,"_released":true,"_streams":[],"_currentStream":null,"_insideLoop":false,"_pendingNext":false,"_boundary":"--------------------------202b625331813562a6386359","_events":{},"_eventsCount":1}}): FetchError: request to https://www.googleapis.com/oauth2/v3/token failed, reason: getaddrinfo ENOTFOUND www.googleapis.com
[error] Authentication Error: Your credentials are no longer valid. Please run firebase login --reauth

For CI servers and headless environments, generate a new token with firebase login:ci
[error] 
[error] Error: Authentication Error: Your credentials are no longer valid. Please run firebase login --reauth

For CI servers and headless environments, generate a new token with firebase login:ci
[debug] [2026-04-25T00:09:11.376Z] ----------------------------------------------------------------------
[debug] [2026-04-25T00:09:11.381Z] Command:       /opt/homebrew/Cellar/node/25.6.1/bin/node /opt/homebrew/bin/firebase functions:secrets:access STUDY_PASSWORD --project genai-radiology
[debug] [2026-04-25T00:09:11.381Z] CLI Version:   15.6.0
[debug] [2026-04-25T00:09:11.381Z] Platform:      darwin
[debug] [2026-04-25T00:09:11.381Z] Node Version:  v25.6.1
[debug] [2026-04-25T00:09:11.381Z] Time:          Fri Apr 24 2026 20:09:11 GMT-0400 (Eastern Daylight Time)
[debug] [2026-04-25T00:09:11.381Z] ----------------------------------------------------------------------
[debug] 
[debug] [2026-04-25T00:09:11.382Z] >>> [apiv2][query] GET https://firebase-public.firebaseio.com/cli.json [none]
[debug] [2026-04-25T00:09:11.490Z] > command requires scopes: ["email","openid","https://www.googleapis.com/auth/cloudplatformprojects.readonly","https://www.googleapis.com/auth/firebase","https://www.googleapis.com/auth/cloud-platform"]
[debug] [2026-04-25T00:09:11.491Z] > authorizing via signed-in user (katelyncmorrison98@gmail.com)
[debug] [2026-04-25T00:09:11.491Z] Checked if tokens are valid: false, expires at: 1771351554573
[debug] [2026-04-25T00:09:11.491Z] Checked if tokens are valid: false, expires at: 1771351554573
[debug] [2026-04-25T00:09:11.491Z] > refreshing access token with scopes: []
[debug] [2026-04-25T00:09:11.492Z] >>> [apiv2][query] POST https://www.googleapis.com/oauth2/v3/token [none]
[debug] [2026-04-25T00:09:11.492Z] >>> [apiv2][body] POST https://www.googleapis.com/oauth2/v3/token [omitted]
[debug] [2026-04-25T00:09:11.494Z] *** [apiv2] error from fetch(https://firebase-public.firebaseio.com/cli.json, {"headers":{},"method":"GET"}): FetchError: request to https://firebase-public.firebaseio.com/cli.json failed, reason: getaddrinfo ENOTFOUND firebase-public.firebaseio.com
[warn] ⚠  Unable to fetch the CLI MOTD and remote config. This is not a fatal error, but may indicate an issue with your network connection. 
[debug] [2026-04-25T00:09:11.494Z] Failed to fetch MOTD FirebaseError: Failed to make request to https://firebase-public.firebaseio.com/cli.json
[debug] [2026-04-25T00:09:11.495Z] *** [apiv2] error from fetch(https://www.googleapis.com/oauth2/v3/token, {"headers":{},"method":"POST","body":{"_overheadLength":545,"_valueLength":212,"_valuesToMeasure":[],"writable":false,"readable":true,"dataSize":0,"maxDataSize":2097152,"pauseStreams":true,"_released":true,"_streams":[],"_currentStream":null,"_insideLoop":false,"_pendingNext":false,"_boundary":"--------------------------1dde6956d881e56ba0f99804","_events":{},"_eventsCount":1}}): FetchError: request to https://www.googleapis.com/oauth2/v3/token failed, reason: getaddrinfo ENOTFOUND www.googleapis.com
[error] Authentication Error: Your credentials are no longer valid. Please run firebase login --reauth

For CI servers and headless environments, generate a new token with firebase login:ci
[error] 
[error] Error: Authentication Error: Your credentials are no longer valid. Please run firebase login --reauth

For CI servers and headless environments, generate a new token with firebase login:ci
[debug] [2026-04-25T00:09:11.756Z] Error: EPERM: operation not permitted, open '/Users/katelynmorrison/.config/configstore/firebase-tools.json.2483721239'
    at Object.openSync (node:fs:555:18)
    at writeFile.writeFileSync [as sync] (/opt/homebrew/lib/node_modules/firebase-tools/node_modules/write-file-atomic/index.js:205:13)
    at set all (/opt/homebrew/lib/node_modules/firebase-tools/node_modules/configstore/index.js:61:20)
    at Configstore.delete (/opt/homebrew/lib/node_modules/firebase-tools/node_modules/configstore/index.js:101:12)
    at process.<anonymous> (/opt/homebrew/lib/node_modules/firebase-tools/lib/bin/cli.js:65:45)
    at process.emit (node:events:520:22)
    at process.exit (node:internal/process/per_thread:236:15)
    at Timeout._onTimeout (/opt/homebrew/lib/node_modules/firebase-tools/lib/errorOut.js:20:17)
    at listOnTimeout (node:internal/timers:605:17)
    at process.processTimers (node:internal/timers:541:7)
[error] 
[error] Error: An unexpected error has occurred.
[debug] [2026-04-25T00:09:11.758Z] Error: EPERM: operation not permitted, open '/Users/katelynmorrison/.config/configstore/firebase-tools.json.3107322849'
    at Object.openSync (node:fs:555:18)
    at writeFile.writeFileSync [as sync] (/opt/homebrew/lib/node_modules/firebase-tools/node_modules/write-file-atomic/index.js:205:13)
    at set all (/opt/homebrew/lib/node_modules/firebase-tools/node_modules/configstore/index.js:61:20)
    at Configstore.delete (/opt/homebrew/lib/node_modules/firebase-tools/node_modules/configstore/index.js:101:12)
    at process.<anonymous> (/opt/homebrew/lib/node_modules/firebase-tools/lib/bin/cli.js:65:45)
    at process.emit (node:events:520:22)
    at process.exit (node:internal/process/per_thread:236:15)
    at Timeout._onTimeout (/opt/homebrew/lib/node_modules/firebase-tools/lib/errorOut.js:20:17)
    at listOnTimeout (node:internal/timers:605:17)
    at process.processTimers (node:internal/timers:541:7)
[error] 
[error] Error: An unexpected error has occurred.
[debug] [2026-04-25T00:09:28.584Z] ----------------------------------------------------------------------
[debug] [2026-04-25T00:09:28.585Z] Command:       /opt/homebrew/Cellar/node/25.6.1/bin/node /opt/homebrew/bin/firebase functions:secrets:access STUDY_PASSWORD --project genai-radiology
[debug] [2026-04-25T00:09:28.585Z] CLI Version:   15.6.0
[debug] [2026-04-25T00:09:28.585Z] Platform:      darwin
[debug] [2026-04-25T00:09:28.585Z] Node Version:  v25.6.1
[debug] [2026-04-25T00:09:28.585Z] Time:          Fri Apr 24 2026 20:09:28 GMT-0400 (Eastern Daylight Time)
[debug] [2026-04-25T00:09:28.585Z] ----------------------------------------------------------------------
[debug] 
[debug] [2026-04-25T00:09:28.586Z] >>> [apiv2][query] GET https://firebase-public.firebaseio.com/cli.json [none]
[debug] [2026-04-25T00:09:28.666Z] > command requires scopes: ["email","openid","https://www.googleapis.com/auth/cloudplatformprojects.readonly","https://www.googleapis.com/auth/firebase","https://www.googleapis.com/auth/cloud-platform"]
[debug] [2026-04-25T00:09:28.666Z] > authorizing via signed-in user (katelyncmorrison98@gmail.com)
[debug] [2026-04-25T00:09:28.667Z] Checked if tokens are valid: false, expires at: 1771351554573
[debug] [2026-04-25T00:09:28.667Z] Checked if tokens are valid: false, expires at: 1771351554573
[debug] [2026-04-25T00:09:28.667Z] > refreshing access token with scopes: []
[debug] [2026-04-25T00:09:28.668Z] >>> [apiv2][query] POST https://www.googleapis.com/oauth2/v3/token [none]
[debug] [2026-04-25T00:09:28.668Z] >>> [apiv2][body] POST https://www.googleapis.com/oauth2/v3/token [omitted]
[debug] [2026-04-25T00:09:28.828Z] <<< [apiv2][status] POST https://www.googleapis.com/oauth2/v3/token 200
[debug] [2026-04-25T00:09:28.828Z] <<< [apiv2][body] POST https://www.googleapis.com/oauth2/v3/token [omitted]
[debug] [2026-04-25T00:09:28.843Z] >>> [apiv2][query] GET https://secretmanager.googleapis.com/v1/projects/genai-radiology/secrets/STUDY_PASSWORD/versions/latest:access [none]
[debug] [2026-04-25T00:09:28.857Z] <<< [apiv2][status] GET https://firebase-public.firebaseio.com/cli.json 200
[debug] [2026-04-25T00:09:28.857Z] <<< [apiv2][body] GET https://firebase-public.firebaseio.com/cli.json {"cloudBuildErrorAfter":1594252800000,"cloudBuildWarnAfter":1590019200000,"defaultNode10After":1594252800000,"minVersion":"3.0.5","node8DeploysDisabledAfter":1613390400000,"node8RuntimeDisabledAfter":1615809600000,"node8WarnAfter":1600128000000}
[debug] [2026-04-25T00:09:29.108Z] <<< [apiv2][status] GET https://secretmanager.googleapis.com/v1/projects/genai-radiology/secrets/STUDY_PASSWORD/versions/latest:access 200
[debug] [2026-04-25T00:09:29.826Z] ----------------------------------------------------------------------
[debug] [2026-04-25T00:09:29.827Z] Command:       /opt/homebrew/Cellar/node/25.6.1/bin/node /opt/homebrew/bin/firebase functions:secrets:access STUDY_USERNAME --project genai-radiology
[debug] [2026-04-25T00:09:29.827Z] CLI Version:   15.6.0
[debug] [2026-04-25T00:09:29.827Z] Platform:      darwin
[debug] [2026-04-25T00:09:29.827Z] Node Version:  v25.6.1
[debug] [2026-04-25T00:09:29.828Z] Time:          Fri Apr 24 2026 20:09:29 GMT-0400 (Eastern Daylight Time)
[debug] [2026-04-25T00:09:29.828Z] ----------------------------------------------------------------------
[debug] 
[debug] [2026-04-25T00:09:29.898Z] > command requires scopes: ["email","openid","https://www.googleapis.com/auth/cloudplatformprojects.readonly","https://www.googleapis.com/auth/firebase","https://www.googleapis.com/auth/cloud-platform"]
[debug] [2026-04-25T00:09:29.899Z] > authorizing via signed-in user (katelyncmorrison98@gmail.com)
[debug] [2026-04-25T00:09:29.899Z] Checked if tokens are valid: true, expires at: 1777079367828
[debug] [2026-04-25T00:09:29.899Z] Checked if tokens are valid: true, expires at: 1777079367828
[debug] [2026-04-25T00:09:29.900Z] >>> [apiv2][query] GET https://secretmanager.googleapis.com/v1/projects/genai-radiology/secrets/STUDY_USERNAME/versions/latest:access [none]
[debug] [2026-04-25T00:09:30.159Z] <<< [apiv2][status] GET https://secretmanager.googleapis.com/v1/projects/genai-radiology/secrets/STUDY_USERNAME/versions/latest:access 200
[debug] [2026-04-25T00:16:28.296Z] ----------------------------------------------------------------------
[debug] [2026-04-25T00:16:28.298Z] Command:       /opt/homebrew/Cellar/node/25.6.1/bin/node /opt/homebrew/bin/firebase functions:secrets:access SESSION_SECRET --project genai-radiology
[debug] [2026-04-25T00:16:28.298Z] CLI Version:   15.6.0
[debug] [2026-04-25T00:16:28.298Z] Platform:      darwin
[debug] [2026-04-25T00:16:28.298Z] Node Version:  v25.6.1
[debug] [2026-04-25T00:16:28.298Z] Time:          Fri Apr 24 2026 20:16:28 GMT-0400 (Eastern Daylight Time)
[debug] [2026-04-25T00:16:28.298Z] ----------------------------------------------------------------------
[debug] 
[debug] [2026-04-25T00:16:28.374Z] > command requires scopes: ["email","openid","https://www.googleapis.com/auth/cloudplatformprojects.readonly","https://www.googleapis.com/auth/firebase","https://www.googleapis.com/auth/cloud-platform"]
[debug] [2026-04-25T00:16:28.375Z] > authorizing via signed-in user (katelyncmorrison98@gmail.com)
[debug] [2026-04-25T00:16:28.375Z] Checked if tokens are valid: true, expires at: 1777079367828
[debug] [2026-04-25T00:16:28.375Z] Checked if tokens are valid: true, expires at: 1777079367828
[debug] [2026-04-25T00:16:28.375Z] >>> [apiv2][query] GET https://secretmanager.googleapis.com/v1/projects/genai-radiology/secrets/SESSION_SECRET/versions/latest:access [none]
[debug] [2026-04-25T00:16:28.694Z] <<< [apiv2][status] GET https://secretmanager.googleapis.com/v1/projects/genai-radiology/secrets/SESSION_SECRET/versions/latest:access 200
[debug] [2026-04-25T00:16:56.781Z] ----------------------------------------------------------------------
[debug] [2026-04-25T00:16:56.782Z] Command:       /opt/homebrew/Cellar/node/25.6.1/bin/node /opt/homebrew/bin/firebase functions:list --project genai-radiology
[debug] [2026-04-25T00:16:56.782Z] CLI Version:   15.6.0
[debug] [2026-04-25T00:16:56.782Z] Platform:      darwin
[debug] [2026-04-25T00:16:56.782Z] Node Version:  v25.6.1
[debug] [2026-04-25T00:16:56.782Z] Time:          Fri Apr 24 2026 20:16:56 GMT-0400 (Eastern Daylight Time)
[debug] [2026-04-25T00:16:56.782Z] ----------------------------------------------------------------------
[debug] 
[debug] [2026-04-25T00:16:56.857Z] > command requires scopes: ["email","openid","https://www.googleapis.com/auth/cloudplatformprojects.readonly","https://www.googleapis.com/auth/firebase","https://www.googleapis.com/auth/cloud-platform"]
[debug] [2026-04-25T00:16:56.857Z] > authorizing via signed-in user (katelyncmorrison98@gmail.com)
[debug] [2026-04-25T00:16:56.857Z] [iam] checking project genai-radiology for permissions ["cloudfunctions.functions.list","firebase.projects.get","run.services.list"]
[debug] [2026-04-25T00:16:56.858Z] Checked if tokens are valid: true, expires at: 1777079367828
[debug] [2026-04-25T00:16:56.858Z] Checked if tokens are valid: true, expires at: 1777079367828
[debug] [2026-04-25T00:16:56.858Z] >>> [apiv2][query] POST https://cloudresourcemanager.googleapis.com/v1/projects/genai-radiology:testIamPermissions [none]
[debug] [2026-04-25T00:16:56.858Z] >>> [apiv2][(partial)header] POST https://cloudresourcemanager.googleapis.com/v1/projects/genai-radiology:testIamPermissions  x-goog-user-project=genai-radiology
[debug] [2026-04-25T00:16:56.858Z] >>> [apiv2][body] POST https://cloudresourcemanager.googleapis.com/v1/projects/genai-radiology:testIamPermissions {"permissions":["cloudfunctions.functions.list","firebase.projects.get","run.services.list"]}
[debug] [2026-04-25T00:16:57.059Z] <<< [apiv2][status] POST https://cloudresourcemanager.googleapis.com/v1/projects/genai-radiology:testIamPermissions 200
[debug] [2026-04-25T00:16:57.059Z] <<< [apiv2][body] POST https://cloudresourcemanager.googleapis.com/v1/projects/genai-radiology:testIamPermissions {"permissions":["cloudfunctions.functions.list","firebase.projects.get","run.services.list"]}
[debug] [2026-04-25T00:16:57.059Z] Checked if tokens are valid: true, expires at: 1777079367828
[debug] [2026-04-25T00:16:57.059Z] Checked if tokens are valid: true, expires at: 1777079367828
[debug] [2026-04-25T00:16:57.059Z] >>> [apiv2][query] GET https://cloudfunctions.googleapis.com/v1/projects/genai-radiology/locations/-/functions [none]
[debug] [2026-04-25T00:16:57.611Z] <<< [apiv2][status] GET https://cloudfunctions.googleapis.com/v1/projects/genai-radiology/locations/-/functions 200
[debug] [2026-04-25T00:16:57.611Z] <<< [apiv2][body] GET https://cloudfunctions.googleapis.com/v1/projects/genai-radiology/locations/-/functions {}
[debug] [2026-04-25T00:16:57.611Z] Checked if tokens are valid: true, expires at: 1777079367828
[debug] [2026-04-25T00:16:57.611Z] Checked if tokens are valid: true, expires at: 1777079367828
[debug] [2026-04-25T00:16:57.612Z] >>> [apiv2][query] GET https://cloudfunctions.googleapis.com/v2/projects/genai-radiology/locations/-/functions filter=environment%3D%22GEN_2%22
[debug] [2026-04-25T00:16:58.133Z] <<< [apiv2][status] GET https://cloudfunctions.googleapis.com/v2/projects/genai-radiology/locations/-/functions 200
[debug] [2026-04-25T00:19:03.569Z] ----------------------------------------------------------------------
[debug] [2026-04-25T00:19:03.572Z] Command:       /opt/homebrew/Cellar/node/25.6.1/bin/node /opt/homebrew/bin/firebase deploy --only functions:apiProxy --project genai-radiology
[debug] [2026-04-25T00:19:03.572Z] CLI Version:   15.6.0
[debug] [2026-04-25T00:19:03.572Z] Platform:      darwin
[debug] [2026-04-25T00:19:03.572Z] Node Version:  v25.6.1
[debug] [2026-04-25T00:19:03.572Z] Time:          Fri Apr 24 2026 20:19:03 GMT-0400 (Eastern Daylight Time)
[debug] [2026-04-25T00:19:03.572Z] ----------------------------------------------------------------------
[debug] 
[debug] [2026-04-25T00:19:04.303Z] > command requires scopes: ["email","openid","https://www.googleapis.com/auth/cloudplatformprojects.readonly","https://www.googleapis.com/auth/firebase","https://www.googleapis.com/auth/cloud-platform"]
[debug] [2026-04-25T00:19:04.304Z] > authorizing via signed-in user (katelyncmorrison98@gmail.com)
[debug] [2026-04-25T00:19:04.304Z] [iam] checking project genai-radiology for permissions ["cloudfunctions.functions.create","cloudfunctions.functions.delete","cloudfunctions.functions.get","cloudfunctions.functions.list","cloudfunctions.functions.update","cloudfunctions.operations.get","firebase.projects.get"]
[debug] [2026-04-25T00:19:04.304Z] Checked if tokens are valid: true, expires at: 1777079367828
[debug] [2026-04-25T00:19:04.304Z] Checked if tokens are valid: true, expires at: 1777079367828
[debug] [2026-04-25T00:19:04.305Z] >>> [apiv2][query] POST https://cloudresourcemanager.googleapis.com/v1/projects/genai-radiology:testIamPermissions [none]
[debug] [2026-04-25T00:19:04.305Z] >>> [apiv2][(partial)header] POST https://cloudresourcemanager.googleapis.com/v1/projects/genai-radiology:testIamPermissions  x-goog-user-project=genai-radiology
[debug] [2026-04-25T00:19:04.305Z] >>> [apiv2][body] POST https://cloudresourcemanager.googleapis.com/v1/projects/genai-radiology:testIamPermissions {"permissions":["cloudfunctions.functions.create","cloudfunctions.functions.delete","cloudfunctions.functions.get","cloudfunctions.functions.list","cloudfunctions.functions.update","cloudfunctions.operations.get","firebase.projects.get"]}
[debug] [2026-04-25T00:19:04.470Z] <<< [apiv2][status] POST https://cloudresourcemanager.googleapis.com/v1/projects/genai-radiology:testIamPermissions 200
[debug] [2026-04-25T00:19:04.470Z] <<< [apiv2][body] POST https://cloudresourcemanager.googleapis.com/v1/projects/genai-radiology:testIamPermissions {"permissions":["cloudfunctions.functions.create","cloudfunctions.functions.delete","cloudfunctions.functions.get","cloudfunctions.functions.list","cloudfunctions.functions.update","cloudfunctions.operations.get","firebase.projects.get"]}
[debug] [2026-04-25T00:19:04.470Z] Checked if tokens are valid: true, expires at: 1777079367828
[debug] [2026-04-25T00:19:04.470Z] Checked if tokens are valid: true, expires at: 1777079367828
[debug] [2026-04-25T00:19:04.470Z] >>> [apiv2][query] POST https://iam.googleapis.com/v1/projects/genai-radiology/serviceAccounts/genai-radiology@appspot.gserviceaccount.com:testIamPermissions [none]
[debug] [2026-04-25T00:19:04.470Z] >>> [apiv2][body] POST https://iam.googleapis.com/v1/projects/genai-radiology/serviceAccounts/genai-radiology@appspot.gserviceaccount.com:testIamPermissions {"permissions":["iam.serviceAccounts.actAs"]}
[debug] [2026-04-25T00:19:04.649Z] <<< [apiv2][status] POST https://iam.googleapis.com/v1/projects/genai-radiology/serviceAccounts/genai-radiology@appspot.gserviceaccount.com:testIamPermissions 200
[debug] [2026-04-25T00:19:04.649Z] <<< [apiv2][body] POST https://iam.googleapis.com/v1/projects/genai-radiology/serviceAccounts/genai-radiology@appspot.gserviceaccount.com:testIamPermissions {"permissions":["iam.serviceAccounts.actAs"]}
[info] 
[info] === Deploying to 'genai-radiology'...
[info] 
[info] i  deploying functions 
[debug] [2026-04-25T00:19:04.650Z] Checked if tokens are valid: true, expires at: 1777079367828
[debug] [2026-04-25T00:19:04.650Z] Checked if tokens are valid: true, expires at: 1777079367828
[debug] [2026-04-25T00:19:04.650Z] >>> [apiv2][query] GET https://cloudresourcemanager.googleapis.com/v1/projects/genai-radiology [none]
[debug] [2026-04-25T00:19:04.770Z] <<< [apiv2][status] GET https://cloudresourcemanager.googleapis.com/v1/projects/genai-radiology 200
[debug] [2026-04-25T00:19:04.770Z] <<< [apiv2][body] GET https://cloudresourcemanager.googleapis.com/v1/projects/genai-radiology {"projectNumber":"287363541296","projectId":"genai-radiology","lifecycleState":"ACTIVE","name":"genai-radiology","labels":{"firebase":"enabled"},"createTime":"2024-10-02T13:43:28.012637Z"}
[info] i  functions: preparing codebase default for deployment 
[info] i  functions: ensuring required API cloudfunctions.googleapis.com is enabled... 
[info] i  functions: ensuring required API cloudbuild.googleapis.com is enabled... 
[info] i  artifactregistry: ensuring required API artifactregistry.googleapis.com is enabled... 
[debug] [2026-04-25T00:19:04.771Z] Checked if tokens are valid: true, expires at: 1777079367828
[debug] [2026-04-25T00:19:04.771Z] Checked if tokens are valid: true, expires at: 1777079367828
[debug] [2026-04-25T00:19:04.771Z] >>> [apiv2][query] GET https://firebase.googleapis.com/v1beta1/projects/genai-radiology/adminSdkConfig [none]
[debug] [2026-04-25T00:19:05.074Z] <<< [apiv2][status] GET https://firebase.googleapis.com/v1beta1/projects/genai-radiology/adminSdkConfig 200
[debug] [2026-04-25T00:19:05.074Z] <<< [apiv2][body] GET https://firebase.googleapis.com/v1beta1/projects/genai-radiology/adminSdkConfig {"projectId":"genai-radiology","databaseURL":"https://genai-radiology-default-rtdb.firebaseio.com","storageBucket":"genai-radiology.firebasestorage.app"}
[debug] [2026-04-25T00:19:05.075Z] Checked if tokens are valid: true, expires at: 1777079367828
[debug] [2026-04-25T00:19:05.075Z] Checked if tokens are valid: true, expires at: 1777079367828
[debug] [2026-04-25T00:19:05.075Z] >>> [apiv2][query] GET https://runtimeconfig.googleapis.com/v1beta1/projects/genai-radiology/configs [none]
[debug] [2026-04-25T00:19:05.328Z] <<< [apiv2][status] GET https://runtimeconfig.googleapis.com/v1beta1/projects/genai-radiology/configs 200
[debug] [2026-04-25T00:19:05.328Z] <<< [apiv2][body] GET https://runtimeconfig.googleapis.com/v1beta1/projects/genai-radiology/configs {}
[debug] [2026-04-25T00:19:05.329Z] Validating nodejs source
[warn] ⚠  functions: Runtime Node.js 20 will be deprecated on 2026-04-30 and will be decommissioned on 2026-10-30, after which you will not be able to deploy without upgrading. Consider upgrading now to avoid disruption. See https://cloud.google.com/functions/docs/runtime-support for full details on the lifecycle policy 
[warn] ⚠  functions: package.json indicates an outdated version of firebase-functions. Please upgrade using npm install --save firebase-functions@latest in your functions directory. 
[warn] ⚠  functions: Please note that there will be breaking changes when you upgrade. 
[debug] [2026-04-25T00:19:05.996Z] > [functions] package.json contents: {
  "name": "functions",
  "private": true,
  "main": "index.js",
  "engines": {
    "node": "20"
  },
  "scripts": {
    "deploy": "firebase deploy --only functions",
    "logs": "firebase functions:log"
  },
  "dependencies": {
    "firebase-admin": "^12.7.0",
    "firebase-functions": "^5.1.1"
  }
}
[debug] [2026-04-25T00:19:05.996Z] Building nodejs source
[info] i  functions: Loading and analyzing source code for codebase default to determine what to deploy 
[debug] [2026-04-25T00:19:05.997Z] Could not find functions.yaml. Must use http discovery
[debug] [2026-04-25T00:19:06.001Z] Found firebase-functions binary at '/Users/katelynmorrison/Documents/GitHub/GenAIxRad-Frontend/functions/node_modules/.bin/firebase-functions'
[info] Serving at port 8547

[debug] [2026-04-25T00:19:06.239Z] Got response from /__/functions.yaml {"endpoints":{"apiProxy":{"availableMemoryMb":512,"timeoutSeconds":540,"minInstances":null,"maxInstances":null,"ingressSettings":null,"concurrency":null,"serviceAccountEmail":null,"vpc":null,"platform":"gcfv2","region":["us-central1"],"secretEnvironmentVariables":[{"key":"NGROK_BASE_URL"},{"key":"NGROK_BASIC_AUTH"},{"key":"STUDY_USERNAME"},{"key":"STUDY_PASSWORD"},{"key":"SESSION_SECRET"}],"labels":{},"httpsTrigger":{},"entryPoint":"apiProxy"}},"specVersion":"v1alpha1","requiredAPIs":[],"extensions":{},"params":[{"type":"secret","name":"NGROK_BASE_URL"},{"type":"secret","name":"NGROK_BASIC_AUTH"},{"type":"secret","name":"STUDY_USERNAME"},{"type":"secret","name":"STUDY_PASSWORD"},{"type":"secret","name":"SESSION_SECRET"}]}
[info] i  extensions: ensuring required API firebaseextensions.googleapis.com is enabled... 
[debug] [2026-04-25T00:19:10.249Z] > command requires scopes: ["email","openid","https://www.googleapis.com/auth/cloudplatformprojects.readonly","https://www.googleapis.com/auth/firebase","https://www.googleapis.com/auth/cloud-platform"]
[debug] [2026-04-25T00:19:10.249Z] > authorizing via signed-in user (katelyncmorrison98@gmail.com)
[debug] [2026-04-25T00:19:10.249Z] [iam] checking project genai-radiology for permissions ["firebase.projects.get","firebaseextensions.instances.list"]
[debug] [2026-04-25T00:19:10.249Z] Checked if tokens are valid: true, expires at: 1777079367828
[debug] [2026-04-25T00:19:10.249Z] Checked if tokens are valid: true, expires at: 1777079367828
[debug] [2026-04-25T00:19:10.249Z] >>> [apiv2][query] POST https://cloudresourcemanager.googleapis.com/v1/projects/genai-radiology:testIamPermissions [none]
[debug] [2026-04-25T00:19:10.249Z] >>> [apiv2][(partial)header] POST https://cloudresourcemanager.googleapis.com/v1/projects/genai-radiology:testIamPermissions  x-goog-user-project=genai-radiology
[debug] [2026-04-25T00:19:10.249Z] >>> [apiv2][body] POST https://cloudresourcemanager.googleapis.com/v1/projects/genai-radiology:testIamPermissions {"permissions":["firebase.projects.get","firebaseextensions.instances.list"]}
[debug] [2026-04-25T00:19:10.382Z] <<< [apiv2][status] POST https://cloudresourcemanager.googleapis.com/v1/projects/genai-radiology:testIamPermissions 200
[debug] [2026-04-25T00:19:10.382Z] <<< [apiv2][body] POST https://cloudresourcemanager.googleapis.com/v1/projects/genai-radiology:testIamPermissions {"permissions":["firebase.projects.get","firebaseextensions.instances.list"]}
[debug] [2026-04-25T00:19:10.382Z] Checked if tokens are valid: true, expires at: 1777079367828
[debug] [2026-04-25T00:19:10.382Z] Checked if tokens are valid: true, expires at: 1777079367828
[debug] [2026-04-25T00:19:10.383Z] >>> [apiv2][query] GET https://firebaseextensions.googleapis.com/v1beta/projects/genai-radiology/instances pageSize=100&pageToken=
[debug] [2026-04-25T00:19:10.759Z] <<< [apiv2][status] GET https://firebaseextensions.googleapis.com/v1beta/projects/genai-radiology/instances 200
[debug] [2026-04-25T00:19:10.759Z] <<< [apiv2][body] GET https://firebaseextensions.googleapis.com/v1beta/projects/genai-radiology/instances {}
[debug] [2026-04-25T00:19:10.759Z] Checked if tokens are valid: true, expires at: 1777079367828
[debug] [2026-04-25T00:19:10.759Z] Checked if tokens are valid: true, expires at: 1777079367828
[debug] [2026-04-25T00:19:10.760Z] >>> [apiv2][query] GET https://secretmanager.googleapis.com/v1/projects/genai-radiology/secrets/NGROK_BASE_URL [none]
[debug] [2026-04-25T00:19:10.903Z] <<< [apiv2][status] GET https://secretmanager.googleapis.com/v1/projects/genai-radiology/secrets/NGROK_BASE_URL 200
[debug] [2026-04-25T00:19:10.904Z] <<< [apiv2][body] GET https://secretmanager.googleapis.com/v1/projects/genai-radiology/secrets/NGROK_BASE_URL {"name":"projects/287363541296/secrets/NGROK_BASE_URL","replication":{"automatic":{}},"createTime":"2026-02-16T22:50:41.516318Z","labels":{"firebase-managed":"functions"},"etag":"\"164af8c8d15a5e\""}
[debug] [2026-04-25T00:19:10.904Z] Checked if tokens are valid: true, expires at: 1777079367828
[debug] [2026-04-25T00:19:10.904Z] Checked if tokens are valid: true, expires at: 1777079367828
[debug] [2026-04-25T00:19:10.904Z] >>> [apiv2][query] GET https://secretmanager.googleapis.com/v1/projects/genai-radiology/secrets/NGROK_BASE_URL/versions/latest [none]
[debug] [2026-04-25T00:19:11.007Z] <<< [apiv2][status] GET https://secretmanager.googleapis.com/v1/projects/genai-radiology/secrets/NGROK_BASE_URL/versions/latest 200
[debug] [2026-04-25T00:19:11.007Z] <<< [apiv2][body] GET https://secretmanager.googleapis.com/v1/projects/genai-radiology/secrets/NGROK_BASE_URL/versions/latest {"name":"projects/287363541296/secrets/NGROK_BASE_URL/versions/1","createTime":"2026-02-16T22:50:47.685845Z","state":"ENABLED","replicationStatus":{"automatic":{}},"etag":"\"164af8c92b96d5\""}
[debug] [2026-04-25T00:19:11.008Z] Checked if tokens are valid: true, expires at: 1777079367828
[debug] [2026-04-25T00:19:11.008Z] Checked if tokens are valid: true, expires at: 1777079367828
[debug] [2026-04-25T00:19:11.008Z] >>> [apiv2][query] GET https://secretmanager.googleapis.com/v1/projects/genai-radiology/secrets/NGROK_BASIC_AUTH [none]
[debug] [2026-04-25T00:19:11.108Z] <<< [apiv2][status] GET https://secretmanager.googleapis.com/v1/projects/genai-radiology/secrets/NGROK_BASIC_AUTH 200
[debug] [2026-04-25T00:19:11.108Z] <<< [apiv2][body] GET https://secretmanager.googleapis.com/v1/projects/genai-radiology/secrets/NGROK_BASIC_AUTH {"name":"projects/287363541296/secrets/NGROK_BASIC_AUTH","replication":{"automatic":{}},"createTime":"2026-02-16T22:50:56.074780Z","labels":{"firebase-managed":"functions"},"etag":"\"164af8c9ad2533\""}
[debug] [2026-04-25T00:19:11.108Z] Checked if tokens are valid: true, expires at: 1777079367828
[debug] [2026-04-25T00:19:11.108Z] Checked if tokens are valid: true, expires at: 1777079367828
[debug] [2026-04-25T00:19:11.108Z] >>> [apiv2][query] GET https://secretmanager.googleapis.com/v1/projects/genai-radiology/secrets/NGROK_BASIC_AUTH/versions/latest [none]
[debug] [2026-04-25T00:19:11.210Z] <<< [apiv2][status] GET https://secretmanager.googleapis.com/v1/projects/genai-radiology/secrets/NGROK_BASIC_AUTH/versions/latest 200
[debug] [2026-04-25T00:19:11.210Z] <<< [apiv2][body] GET https://secretmanager.googleapis.com/v1/projects/genai-radiology/secrets/NGROK_BASIC_AUTH/versions/latest {"name":"projects/287363541296/secrets/NGROK_BASIC_AUTH/versions/1","createTime":"2026-02-16T22:51:21.752947Z","state":"ENABLED","replicationStatus":{"automatic":{}},"etag":"\"164af8cb336973\""}
[debug] [2026-04-25T00:19:11.210Z] Checked if tokens are valid: true, expires at: 1777079367828
[debug] [2026-04-25T00:19:11.210Z] Checked if tokens are valid: true, expires at: 1777079367828
[debug] [2026-04-25T00:19:11.210Z] >>> [apiv2][query] GET https://secretmanager.googleapis.com/v1/projects/genai-radiology/secrets/STUDY_USERNAME [none]
[debug] [2026-04-25T00:19:11.308Z] <<< [apiv2][status] GET https://secretmanager.googleapis.com/v1/projects/genai-radiology/secrets/STUDY_USERNAME 200
[debug] [2026-04-25T00:19:11.308Z] <<< [apiv2][body] GET https://secretmanager.googleapis.com/v1/projects/genai-radiology/secrets/STUDY_USERNAME {"name":"projects/287363541296/secrets/STUDY_USERNAME","replication":{"automatic":{}},"createTime":"2026-02-17T00:28:58.035664Z","labels":{"firebase-managed":"functions"},"etag":"\"164afa28474d0c\""}
[debug] [2026-04-25T00:19:11.308Z] Checked if tokens are valid: true, expires at: 1777079367828
[debug] [2026-04-25T00:19:11.308Z] Checked if tokens are valid: true, expires at: 1777079367828
[debug] [2026-04-25T00:19:11.308Z] >>> [apiv2][query] GET https://secretmanager.googleapis.com/v1/projects/genai-radiology/secrets/STUDY_USERNAME/versions/latest [none]
[debug] [2026-04-25T00:19:11.400Z] <<< [apiv2][status] GET https://secretmanager.googleapis.com/v1/projects/genai-radiology/secrets/STUDY_USERNAME/versions/latest 200
[debug] [2026-04-25T00:19:11.400Z] <<< [apiv2][body] GET https://secretmanager.googleapis.com/v1/projects/genai-radiology/secrets/STUDY_USERNAME/versions/latest {"name":"projects/287363541296/secrets/STUDY_USERNAME/versions/1","createTime":"2026-02-17T00:29:35.392929Z","state":"ENABLED","replicationStatus":{"automatic":{}},"etag":"\"164afa2a7d38a1\""}
[debug] [2026-04-25T00:19:11.400Z] Checked if tokens are valid: true, expires at: 1777079367828
[debug] [2026-04-25T00:19:11.400Z] Checked if tokens are valid: true, expires at: 1777079367828
[debug] [2026-04-25T00:19:11.400Z] >>> [apiv2][query] GET https://secretmanager.googleapis.com/v1/projects/genai-radiology/secrets/STUDY_PASSWORD [none]
[debug] [2026-04-25T00:19:11.472Z] <<< [apiv2][status] GET https://secretmanager.googleapis.com/v1/projects/genai-radiology/secrets/STUDY_PASSWORD 200
[debug] [2026-04-25T00:19:11.472Z] <<< [apiv2][body] GET https://secretmanager.googleapis.com/v1/projects/genai-radiology/secrets/STUDY_PASSWORD {"name":"projects/287363541296/secrets/STUDY_PASSWORD","replication":{"automatic":{}},"createTime":"2026-02-17T00:29:51.483529Z","labels":{"firebase-managed":"functions"},"etag":"\"164afa2b75823e\""}
[debug] [2026-04-25T00:19:11.472Z] Checked if tokens are valid: true, expires at: 1777079367828
[debug] [2026-04-25T00:19:11.472Z] Checked if tokens are valid: true, expires at: 1777079367828
[debug] [2026-04-25T00:19:11.472Z] >>> [apiv2][query] GET https://secretmanager.googleapis.com/v1/projects/genai-radiology/secrets/STUDY_PASSWORD/versions/latest [none]
[debug] [2026-04-25T00:19:11.571Z] <<< [apiv2][status] GET https://secretmanager.googleapis.com/v1/projects/genai-radiology/secrets/STUDY_PASSWORD/versions/latest 200
[debug] [2026-04-25T00:19:11.571Z] <<< [apiv2][body] GET https://secretmanager.googleapis.com/v1/projects/genai-radiology/secrets/STUDY_PASSWORD/versions/latest {"name":"projects/287363541296/secrets/STUDY_PASSWORD/versions/1","createTime":"2026-02-17T00:30:33.537815Z","state":"ENABLED","replicationStatus":{"automatic":{}},"etag":"\"164afa2df47117\""}
[debug] [2026-04-25T00:19:11.571Z] Checked if tokens are valid: true, expires at: 1777079367828
[debug] [2026-04-25T00:19:11.571Z] Checked if tokens are valid: true, expires at: 1777079367828
[debug] [2026-04-25T00:19:11.571Z] >>> [apiv2][query] GET https://secretmanager.googleapis.com/v1/projects/genai-radiology/secrets/SESSION_SECRET [none]
[debug] [2026-04-25T00:19:11.668Z] <<< [apiv2][status] GET https://secretmanager.googleapis.com/v1/projects/genai-radiology/secrets/SESSION_SECRET 200
[debug] [2026-04-25T00:19:11.668Z] <<< [apiv2][body] GET https://secretmanager.googleapis.com/v1/projects/genai-radiology/secrets/SESSION_SECRET {"name":"projects/287363541296/secrets/SESSION_SECRET","replication":{"automatic":{}},"createTime":"2026-02-17T00:30:48.062780Z","labels":{"firebase-managed":"functions"},"etag":"\"164afa2ed5071a\""}
[debug] [2026-04-25T00:19:11.668Z] Checked if tokens are valid: true, expires at: 1777079367828
[debug] [2026-04-25T00:19:11.668Z] Checked if tokens are valid: true, expires at: 1777079367828
[debug] [2026-04-25T00:19:11.668Z] >>> [apiv2][query] GET https://secretmanager.googleapis.com/v1/projects/genai-radiology/secrets/SESSION_SECRET/versions/latest [none]
[debug] [2026-04-25T00:19:11.762Z] <<< [apiv2][status] GET https://secretmanager.googleapis.com/v1/projects/genai-radiology/secrets/SESSION_SECRET/versions/latest 200
[debug] [2026-04-25T00:19:11.762Z] <<< [apiv2][body] GET https://secretmanager.googleapis.com/v1/projects/genai-radiology/secrets/SESSION_SECRET/versions/latest {"name":"projects/287363541296/secrets/SESSION_SECRET/versions/1","createTime":"2026-02-17T00:30:56.417636Z","state":"ENABLED","replicationStatus":{"automatic":{}},"etag":"\"164afa2f518f64\""}
[info] i  functions: preparing functions directory for uploading... 
[info] i  functions: packaged /Users/katelynmorrison/Documents/GitHub/GenAIxRad-Frontend/functions (36.12 KB) for uploading 
[debug] [2026-04-25T00:19:11.773Z] Checked if tokens are valid: true, expires at: 1777079367828
[debug] [2026-04-25T00:19:11.773Z] Checked if tokens are valid: true, expires at: 1777079367828
[debug] [2026-04-25T00:19:11.773Z] >>> [apiv2][query] GET https://cloudfunctions.googleapis.com/v1/projects/genai-radiology/locations/-/functions [none]
[debug] [2026-04-25T00:19:12.378Z] <<< [apiv2][status] GET https://cloudfunctions.googleapis.com/v1/projects/genai-radiology/locations/-/functions 200
[debug] [2026-04-25T00:19:12.378Z] <<< [apiv2][body] GET https://cloudfunctions.googleapis.com/v1/projects/genai-radiology/locations/-/functions {}
[debug] [2026-04-25T00:19:12.378Z] Checked if tokens are valid: true, expires at: 1777079367828
[debug] [2026-04-25T00:19:12.378Z] Checked if tokens are valid: true, expires at: 1777079367828
[debug] [2026-04-25T00:19:12.378Z] >>> [apiv2][query] GET https://cloudfunctions.googleapis.com/v2/projects/genai-radiology/locations/-/functions filter=environment%3D%22GEN_2%22
[debug] [2026-04-25T00:19:12.810Z] <<< [apiv2][status] GET https://cloudfunctions.googleapis.com/v2/projects/genai-radiology/locations/-/functions 200
[debug] [2026-04-25T00:19:12.810Z] <<< [apiv2][body] GET https://cloudfunctions.googleapis.com/v2/projects/genai-radiology/locations/-/functions {"functions":[{"name":"projects/genai-radiology/locations/us-central1/functions/apiProxy","buildConfig":{"build":"projects/287363541296/locations/us-central1/builds/e164f6ea-27d6-4666-a5b7-e896cdd141f6","runtime":"nodejs20","entryPoint":"apiProxy","source":{"storageSource":{"bucket":"gcf-v2-sources-287363541296-us-central1","object":"apiProxy/function-source.zip","generation":"1771288524985938"}},"environmentVariables":{"GOOGLE_NODE_RUN_SCRIPTS":""},"dockerRepository":"projects/genai-radiology/locations/us-central1/repositories/gcf-artifacts","sourceProvenance":{"resolvedStorageSource":{"bucket":"gcf-v2-sources-287363541296-us-central1","object":"apiProxy/function-source.zip","generation":"1771288524985938"}},"dockerRegistry":"ARTIFACT_REGISTRY","serviceAccount":"projects/genai-radiology/serviceAccounts/287363541296-compute@developer.gserviceaccount.com","automaticUpdatePolicy":{}},"serviceConfig":{"service":"projects/genai-radiology/locations/us-central1/services/apiproxy","timeoutSeconds":540,"environmentVariables":{"FIREBASE_CONFIG":"{\"projectId\":\"genai-radiology\",\"databaseURL\":\"https://genai-radiology-default-rtdb.firebaseio.com\",\"storageBucket\":\"genai-radiology.firebasestorage.app\"}","GCLOUD_PROJECT":"genai-radiology","EVENTARC_CLOUD_EVENT_SOURCE":"projects/genai-radiology/locations/us-central1/services/apiProxy","FUNCTION_TARGET":"apiProxy","LOG_EXECUTION_ID":"true"},"maxInstanceCount":20,"ingressSettings":"ALLOW_ALL","uri":"https://apiproxy-dtpids6azq-uc.a.run.app","serviceAccountEmail":"287363541296-compute@developer.gserviceaccount.com","availableMemory":"512Mi","allTrafficOnLatestRevision":true,"secretEnvironmentVariables":[{"key":"NGROK_BASE_URL","projectId":"genai-radiology","secret":"NGROK_BASE_URL","version":"1"},{"key":"NGROK_BASIC_AUTH","projectId":"genai-radiology","secret":"NGROK_BASIC_AUTH","version":"1"},{"key":"STUDY_USERNAME","projectId":"genai-radiology","secret":"STUDY_USERNAME","version":"1"},{"key":"STUDY_PASSWORD","projectId":"genai-radiology","secret":"STUDY_PASSWORD","version":"1"},{"key":"SESSION_SECRET","projectId":"genai-radiology","secret":"SESSION_SECRET","version":"1"}],"revision":"apiproxy-00005-pij","maxInstanceRequestConcurrency":80,"availableCpu":"1"},"state":"ACTIVE","updateTime":"2026-02-17T00:38:16.738179998Z","labels":{"deployment-tool":"cli-firebase","firebase-functions-hash":"f5bd656f1cf9243c3755f41ec9e835e1f10b30e9"},"environment":"GEN_2","url":"https://us-central1-genai-radiology.cloudfunctions.net/apiProxy","createTime":"2026-02-16T22:53:10.766305392Z","satisfiesPzi":true}]}
[info] i  functions: ensuring required API run.googleapis.com is enabled... 
[info] i  functions: ensuring required API eventarc.googleapis.com is enabled... 
[info] i  functions: ensuring required API pubsub.googleapis.com is enabled... 
[info] i  functions: ensuring required API storage.googleapis.com is enabled... 
[info] i  functions: generating the service identity for pubsub.googleapis.com... 
[debug] [2026-04-25T00:19:12.812Z] Checked if tokens are valid: true, expires at: 1777079367828
[debug] [2026-04-25T00:19:12.812Z] Checked if tokens are valid: true, expires at: 1777079367828
[info] i  functions: generating the service identity for eventarc.googleapis.com... 
[debug] [2026-04-25T00:19:12.812Z] Checked if tokens are valid: true, expires at: 1777079367828
[debug] [2026-04-25T00:19:12.812Z] Checked if tokens are valid: true, expires at: 1777079367828
[debug] [2026-04-25T00:19:12.813Z] >>> [apiv2][query] POST https://serviceusage.googleapis.com/v1beta1/projects/287363541296/services/pubsub.googleapis.com:generateServiceIdentity [none]
[debug] [2026-04-25T00:19:12.813Z] >>> [apiv2][(partial)header] POST https://serviceusage.googleapis.com/v1beta1/projects/287363541296/services/pubsub.googleapis.com:generateServiceIdentity  x-goog-user-project=287363541296
[debug] [2026-04-25T00:19:12.813Z] >>> [apiv2][body] POST https://serviceusage.googleapis.com/v1beta1/projects/287363541296/services/pubsub.googleapis.com:generateServiceIdentity {}
[debug] [2026-04-25T00:19:12.813Z] >>> [apiv2][query] POST https://serviceusage.googleapis.com/v1beta1/projects/287363541296/services/eventarc.googleapis.com:generateServiceIdentity [none]
[debug] [2026-04-25T00:19:12.813Z] >>> [apiv2][(partial)header] POST https://serviceusage.googleapis.com/v1beta1/projects/287363541296/services/eventarc.googleapis.com:generateServiceIdentity  x-goog-user-project=287363541296
[debug] [2026-04-25T00:19:12.813Z] >>> [apiv2][body] POST https://serviceusage.googleapis.com/v1beta1/projects/287363541296/services/eventarc.googleapis.com:generateServiceIdentity {}
[debug] [2026-04-25T00:19:13.301Z] <<< [apiv2][status] POST https://serviceusage.googleapis.com/v1beta1/projects/287363541296/services/eventarc.googleapis.com:generateServiceIdentity 200
[debug] [2026-04-25T00:19:13.301Z] <<< [apiv2][body] POST https://serviceusage.googleapis.com/v1beta1/projects/287363541296/services/eventarc.googleapis.com:generateServiceIdentity {"name":"operations/finished.DONE_OPERATION","done":true,"response":{"@type":"type.googleapis.com/google.api.serviceusage.v1beta1.ServiceIdentity","email":"service-287363541296@gcp-sa-eventarc.iam.gserviceaccount.com","uniqueId":"102140297399669112263"}}
[debug] [2026-04-25T00:19:13.301Z] <<< [apiv2][status] POST https://serviceusage.googleapis.com/v1beta1/projects/287363541296/services/pubsub.googleapis.com:generateServiceIdentity 200
[debug] [2026-04-25T00:19:13.301Z] <<< [apiv2][body] POST https://serviceusage.googleapis.com/v1beta1/projects/287363541296/services/pubsub.googleapis.com:generateServiceIdentity {"name":"operations/finished.DONE_OPERATION","done":true,"response":{"@type":"type.googleapis.com/google.api.serviceusage.v1beta1.ServiceIdentity","email":"service-287363541296@gcp-sa-pubsub.iam.gserviceaccount.com","uniqueId":"102251090267047206631"}}
[info] i  functions: ensuring required API secretmanager.googleapis.com is enabled... 
[debug] [2026-04-25T00:19:13.302Z] Checked if tokens are valid: true, expires at: 1777079367828
[debug] [2026-04-25T00:19:13.302Z] Checked if tokens are valid: true, expires at: 1777079367828
[debug] [2026-04-25T00:19:13.302Z] Checked if tokens are valid: true, expires at: 1777079367828
[debug] [2026-04-25T00:19:13.302Z] Checked if tokens are valid: true, expires at: 1777079367828
[debug] [2026-04-25T00:19:13.303Z] Checked if tokens are valid: true, expires at: 1777079367828
[debug] [2026-04-25T00:19:13.303Z] Checked if tokens are valid: true, expires at: 1777079367828
[debug] [2026-04-25T00:19:13.303Z] Checked if tokens are valid: true, expires at: 1777079367828
[debug] [2026-04-25T00:19:13.303Z] Checked if tokens are valid: true, expires at: 1777079367828
[debug] [2026-04-25T00:19:13.303Z] Checked if tokens are valid: true, expires at: 1777079367828
[debug] [2026-04-25T00:19:13.303Z] Checked if tokens are valid: true, expires at: 1777079367828
[debug] [2026-04-25T00:19:13.303Z] >>> [apiv2][query] GET https://secretmanager.googleapis.com/v1/projects/genai-radiology/secrets/NGROK_BASE_URL/versions/latest [none]
[debug] [2026-04-25T00:19:13.303Z] >>> [apiv2][query] GET https://secretmanager.googleapis.com/v1/projects/genai-radiology/secrets/NGROK_BASIC_AUTH/versions/latest [none]
[debug] [2026-04-25T00:19:13.304Z] >>> [apiv2][query] GET https://secretmanager.googleapis.com/v1/projects/genai-radiology/secrets/STUDY_USERNAME/versions/latest [none]
[debug] [2026-04-25T00:19:13.305Z] >>> [apiv2][query] GET https://secretmanager.googleapis.com/v1/projects/genai-radiology/secrets/STUDY_PASSWORD/versions/latest [none]
[debug] [2026-04-25T00:19:13.305Z] >>> [apiv2][query] GET https://secretmanager.googleapis.com/v1/projects/genai-radiology/secrets/SESSION_SECRET/versions/latest [none]
[debug] [2026-04-25T00:19:13.390Z] <<< [apiv2][status] GET https://secretmanager.googleapis.com/v1/projects/genai-radiology/secrets/NGROK_BASE_URL/versions/latest 200
[debug] [2026-04-25T00:19:13.390Z] <<< [apiv2][body] GET https://secretmanager.googleapis.com/v1/projects/genai-radiology/secrets/NGROK_BASE_URL/versions/latest {"name":"projects/287363541296/secrets/NGROK_BASE_URL/versions/1","createTime":"2026-02-16T22:50:47.685845Z","state":"ENABLED","replicationStatus":{"automatic":{}},"etag":"\"164af8c92b96d5\""}
[debug] [2026-04-25T00:19:13.391Z] Resolved secret version of NGROK_BASE_URL to 1.
[debug] [2026-04-25T00:19:13.461Z] <<< [apiv2][status] GET https://secretmanager.googleapis.com/v1/projects/genai-radiology/secrets/NGROK_BASIC_AUTH/versions/latest 200
[debug] [2026-04-25T00:19:13.461Z] <<< [apiv2][body] GET https://secretmanager.googleapis.com/v1/projects/genai-radiology/secrets/NGROK_BASIC_AUTH/versions/latest {"name":"projects/287363541296/secrets/NGROK_BASIC_AUTH/versions/1","createTime":"2026-02-16T22:51:21.752947Z","state":"ENABLED","replicationStatus":{"automatic":{}},"etag":"\"164af8cb336973\""}
[debug] [2026-04-25T00:19:13.461Z] Resolved secret version of NGROK_BASIC_AUTH to 1.
[debug] [2026-04-25T00:19:13.463Z] <<< [apiv2][status] GET https://secretmanager.googleapis.com/v1/projects/genai-radiology/secrets/SESSION_SECRET/versions/latest 200
[debug] [2026-04-25T00:19:13.463Z] <<< [apiv2][body] GET https://secretmanager.googleapis.com/v1/projects/genai-radiology/secrets/SESSION_SECRET/versions/latest {"name":"projects/287363541296/secrets/SESSION_SECRET/versions/1","createTime":"2026-02-17T00:30:56.417636Z","state":"ENABLED","replicationStatus":{"automatic":{}},"etag":"\"164afa2f518f64\""}
[debug] [2026-04-25T00:19:13.463Z] Resolved secret version of SESSION_SECRET to 1.
[debug] [2026-04-25T00:19:13.469Z] <<< [apiv2][status] GET https://secretmanager.googleapis.com/v1/projects/genai-radiology/secrets/STUDY_USERNAME/versions/latest 200
[debug] [2026-04-25T00:19:13.469Z] <<< [apiv2][body] GET https://secretmanager.googleapis.com/v1/projects/genai-radiology/secrets/STUDY_USERNAME/versions/latest {"name":"projects/287363541296/secrets/STUDY_USERNAME/versions/1","createTime":"2026-02-17T00:29:35.392929Z","state":"ENABLED","replicationStatus":{"automatic":{}},"etag":"\"164afa2a7d38a1\""}
[debug] [2026-04-25T00:19:13.469Z] Resolved secret version of STUDY_USERNAME to 1.
[debug] [2026-04-25T00:19:13.475Z] <<< [apiv2][status] GET https://secretmanager.googleapis.com/v1/projects/genai-radiology/secrets/STUDY_PASSWORD/versions/latest 200
[debug] [2026-04-25T00:19:13.475Z] <<< [apiv2][body] GET https://secretmanager.googleapis.com/v1/projects/genai-radiology/secrets/STUDY_PASSWORD/versions/latest {"name":"projects/287363541296/secrets/STUDY_PASSWORD/versions/1","createTime":"2026-02-17T00:30:33.537815Z","state":"ENABLED","replicationStatus":{"automatic":{}},"etag":"\"164afa2df47117\""}
[debug] [2026-04-25T00:19:13.475Z] Resolved secret version of STUDY_PASSWORD to 1.
[debug] [2026-04-25T00:19:13.475Z] Checked if tokens are valid: true, expires at: 1777079367828
[debug] [2026-04-25T00:19:13.475Z] Checked if tokens are valid: true, expires at: 1777079367828
[debug] [2026-04-25T00:19:13.475Z] >>> [apiv2][query] GET https://cloudresourcemanager.googleapis.com/v1/projects/genai-radiology [none]
[debug] [2026-04-25T00:19:13.579Z] <<< [apiv2][status] GET https://cloudresourcemanager.googleapis.com/v1/projects/genai-radiology 200
[debug] [2026-04-25T00:19:13.579Z] <<< [apiv2][body] GET https://cloudresourcemanager.googleapis.com/v1/projects/genai-radiology {"projectNumber":"287363541296","projectId":"genai-radiology","lifecycleState":"ACTIVE","name":"genai-radiology","labels":{"firebase":"enabled"},"createTime":"2024-10-02T13:43:28.012637Z"}
[debug] [2026-04-25T00:19:13.579Z] Checked if tokens are valid: true, expires at: 1777079367828
[debug] [2026-04-25T00:19:13.579Z] Checked if tokens are valid: true, expires at: 1777079367828
[debug] [2026-04-25T00:19:13.579Z] >>> [apiv2][query] GET https://compute.googleapis.com/compute/v1/projects/287363541296 [none]
[debug] [2026-04-25T00:19:13.846Z] <<< [apiv2][status] GET https://compute.googleapis.com/compute/v1/projects/287363541296 403
[debug] [2026-04-25T00:19:13.846Z] <<< [apiv2][body] GET https://compute.googleapis.com/compute/v1/projects/287363541296 {"error":{"code":403,"message":"Compute Engine API has not been used in project 287363541296 before or it is disabled. Enable it by visiting https://console.developers.google.com/apis/api/compute.googleapis.com/overview?project=287363541296 then retry. If you enabled this API recently, wait a few minutes for the action to propagate to our systems and retry.","errors":[{"message":"Compute Engine API has not been used in project 287363541296 before or it is disabled. Enable it by visiting https://console.developers.google.com/apis/api/compute.googleapis.com/overview?project=287363541296 then retry. If you enabled this API recently, wait a few minutes for the action to propagate to our systems and retry.","domain":"usageLimits","reason":"accessNotConfigured","extendedHelp":"https://console.developers.google.com"}],"status":"PERMISSION_DENIED","details":[{"@type":"type.googleapis.com/google.rpc.ErrorInfo","reason":"SERVICE_DISABLED","domain":"googleapis.com","metadata":{"activationUrl":"https://console.developers.google.com/apis/api/compute.googleapis.com/overview?project=287363541296","containerInfo":"287363541296","consumer":"projects/287363541296","service":"compute.googleapis.com","serviceTitle":"Compute Engine API"}},{"@type":"type.googleapis.com/google.rpc.LocalizedMessage","locale":"en-US","message":"Compute Engine API has not been used in project 287363541296 before or it is disabled. Enable it by visiting https://console.developers.google.com/apis/api/compute.googleapis.com/overview?project=287363541296 then retry. If you enabled this API recently, wait a few minutes for the action to propagate to our systems and retry."},{"@type":"type.googleapis.com/google.rpc.Help","links":[{"description":"Google developers console API activation","url":"https://console.developers.google.com/apis/api/compute.googleapis.com/overview?project=287363541296"}]}]}}
[debug] [2026-04-25T00:19:13.846Z] unable to look up default compute service account. Falling back to 287363541296-compute@developer.gserviceaccount.com. Error: {"name":"FirebaseError","children":[],"context":{"body":{"error":{"code":403,"message":"Compute Engine API has not been used in project 287363541296 before or it is disabled. Enable it by visiting https://console.developers.google.com/apis/api/compute.googleapis.com/overview?project=287363541296 then retry. If you enabled this API recently, wait a few minutes for the action to propagate to our systems and retry.","errors":[{"message":"Compute Engine API has not been used in project 287363541296 before or it is disabled. Enable it by visiting https://console.developers.google.com/apis/api/compute.googleapis.com/overview?project=287363541296 then retry. If you enabled this API recently, wait a few minutes for the action to propagate to our systems and retry.","domain":"usageLimits","reason":"accessNotConfigured","extendedHelp":"https://console.developers.google.com"}],"status":"PERMISSION_DENIED","details":[{"@type":"type.googleapis.com/google.rpc.ErrorInfo","reason":"SERVICE_DISABLED","domain":"googleapis.com","metadata":{"activationUrl":"https://console.developers.google.com/apis/api/compute.googleapis.com/overview?project=287363541296","containerInfo":"287363541296","consumer":"projects/287363541296","service":"compute.googleapis.com","serviceTitle":"Compute Engine API"}},{"@type":"type.googleapis.com/google.rpc.LocalizedMessage","locale":"en-US","message":"Compute Engine API has not been used in project 287363541296 before or it is disabled. Enable it by visiting https://console.developers.google.com/apis/api/compute.googleapis.com/overview?project=287363541296 then retry. If you enabled this API recently, wait a few minutes for the action to propagate to our systems and retry."},{"@type":"type.googleapis.com/google.rpc.Help","links":[{"description":"Google developers console API activation","url":"https://console.developers.google.com/apis/api/compute.googleapis.com/overview?project=287363541296"}]}]}},"response":{"statusCode":403}},"exit":1,"message":"Request to https://compute.googleapis.com/compute/v1/projects/287363541296 had HTTP Error: 403, Compute Engine API has not been used in project 287363541296 before or it is disabled. Enable it by visiting https://console.developers.google.com/apis/api/compute.googleapis.com/overview?project=287363541296 then retry. If you enabled this API recently, wait a few minutes for the action to propagate to our systems and retry.","status":403}
[debug] [2026-04-25T00:19:13.847Z] Checked if tokens are valid: true, expires at: 1777079367828
[debug] [2026-04-25T00:19:13.847Z] Checked if tokens are valid: true, expires at: 1777079367828
[debug] [2026-04-25T00:19:13.847Z] >>> [apiv2][query] GET https://cloudbilling.googleapis.com/v1/projects/genai-radiology/billingInfo [none]
[debug] [2026-04-25T00:19:14.065Z] <<< [apiv2][status] GET https://cloudbilling.googleapis.com/v1/projects/genai-radiology/billingInfo 200
[debug] [2026-04-25T00:19:14.066Z] <<< [apiv2][body] GET https://cloudbilling.googleapis.com/v1/projects/genai-radiology/billingInfo {"name":"projects/genai-radiology/billingInfo","projectId":"genai-radiology","billingAccountName":"billingAccounts/01F454-006571-FC0804","billingEnabled":true}
[debug] [2026-04-25T00:19:14.066Z] Checked if tokens are valid: true, expires at: 1777079367828
[debug] [2026-04-25T00:19:14.066Z] Checked if tokens are valid: true, expires at: 1777079367828
[debug] [2026-04-25T00:19:14.066Z] >>> [apiv2][query] POST https://cloudfunctions.googleapis.com/v2/projects/genai-radiology/locations/us-central1/functions:generateUploadUrl [none]
[debug] [2026-04-25T00:19:14.379Z] <<< [apiv2][status] POST https://cloudfunctions.googleapis.com/v2/projects/genai-radiology/locations/us-central1/functions:generateUploadUrl 200
[debug] [2026-04-25T00:19:14.379Z] <<< [apiv2][body] POST https://cloudfunctions.googleapis.com/v2/projects/genai-radiology/locations/us-central1/functions:generateUploadUrl {"uploadUrl":"https://storage.googleapis.com/gcf-v2-uploads-287363541296.us-central1.cloudfunctions.appspot.com/5f27ce79-ced2-4045-97aa-fe82e5dfe6eb.zip?GoogleAccessId=service-287363541296@gcf-admin-robot.iam.gserviceaccount.com&Expires=1777078154&Signature=sbrQo1ptEbrzKf7clMKNVUtv0LxnGfB0drC3eXs24OR0Lhhs%2B7%2Bb1MbsnyTG9WovACxUOCauti5qHirZbuU%2F4jhklxMoRTanN45jnqDrnLufuvuTwePd976bHsq3JpPeoWviKMKXQKcsGXNFlvuLlVcN68zOyYGVsSIFCeQrk1NKSGg7c6ZCPKpdnYEld4rPuVqB%2F7Yl8uPQwtF1YQizcNZUECI46TmvoBkg5o2o%2FcSGxISu5kQC5%2F%2FaBveP%2FXQYiqQIBVwc6aB0%2BXjrZHhBvNGFeI7EQf1FakswJwQO%2Fx2lUD41WBU%2F98d9Bca5Tcd9MkKjDqUirVnH8k6sVomlOQ%3D%3D","storageSource":{"bucket":"gcf-v2-uploads-287363541296.us-central1.cloudfunctions.appspot.com","object":"5f27ce79-ced2-4045-97aa-fe82e5dfe6eb.zip"}}
[debug] [2026-04-25T00:19:14.379Z] >>> [apiv2][query] PUT https://storage.googleapis.com/gcf-v2-uploads-287363541296.us-central1.cloudfunctions.appspot.com/5f27ce79-ced2-4045-97aa-fe82e5dfe6eb.zip GoogleAccessId=service-287363541296%40gcf-admin-robot.iam.gserviceaccount.com&Expires=1777078154&Signature=sbrQo1ptEbrzKf7clMKNVUtv0LxnGfB0drC3eXs24OR0Lhhs%2B7%2Bb1MbsnyTG9WovACxUOCauti5qHirZbuU%2F4jhklxMoRTanN45jnqDrnLufuvuTwePd976bHsq3JpPeoWviKMKXQKcsGXNFlvuLlVcN68zOyYGVsSIFCeQrk1NKSGg7c6ZCPKpdnYEld4rPuVqB%2F7Yl8uPQwtF1YQizcNZUECI46TmvoBkg5o2o%2FcSGxISu5kQC5%2F%2FaBveP%2FXQYiqQIBVwc6aB0%2BXjrZHhBvNGFeI7EQf1FakswJwQO%2Fx2lUD41WBU%2F98d9Bca5Tcd9MkKjDqUirVnH8k6sVomlOQ%3D%3D
[debug] [2026-04-25T00:19:14.379Z] >>> [apiv2][body] PUT https://storage.googleapis.com/gcf-v2-uploads-287363541296.us-central1.cloudfunctions.appspot.com/5f27ce79-ced2-4045-97aa-fe82e5dfe6eb.zip [stream]
[debug] [2026-04-25T00:19:14.661Z] <<< [apiv2][status] PUT https://storage.googleapis.com/gcf-v2-uploads-287363541296.us-central1.cloudfunctions.appspot.com/5f27ce79-ced2-4045-97aa-fe82e5dfe6eb.zip 200
[debug] [2026-04-25T00:19:14.661Z] <<< [apiv2][body] PUT https://storage.googleapis.com/gcf-v2-uploads-287363541296.us-central1.cloudfunctions.appspot.com/5f27ce79-ced2-4045-97aa-fe82e5dfe6eb.zip [omitted]
[info] ✔  functions: functions source uploaded successfully 
[info] i  functions: updating Node.js 20 (2nd Gen) function apiProxy(us-central1)... 
[debug] [2026-04-25T00:19:14.663Z] Checked if tokens are valid: true, expires at: 1777079367828
[debug] [2026-04-25T00:19:14.663Z] Checked if tokens are valid: true, expires at: 1777079367828
[debug] [2026-04-25T00:19:14.663Z] >>> [apiv2][query] PATCH https://cloudfunctions.googleapis.com/v2/projects/genai-radiology/locations/us-central1/functions/apiProxy updateMask=name%2CbuildConfig.runtime%2CbuildConfig.entryPoint%2CbuildConfig.source.storageSource.bucket%2CbuildConfig.source.storageSource.object%2CbuildConfig.environmentVariables%2CbuildConfig.sourceToken%2CserviceConfig.environmentVariables%2CserviceConfig.secretEnvironmentVariables%2CserviceConfig.ingressSettings%2CserviceConfig.timeoutSeconds%2CserviceConfig.serviceAccountEmail%2CserviceConfig.availableMemory%2CserviceConfig.minInstanceCount%2CserviceConfig.maxInstanceCount%2CserviceConfig.maxInstanceRequestConcurrency%2CserviceConfig.availableCpu%2CserviceConfig.vpcConnector%2CserviceConfig.vpcConnectorEgressSettings%2Clabels
[debug] [2026-04-25T00:19:14.663Z] >>> [apiv2][body] PATCH https://cloudfunctions.googleapis.com/v2/projects/genai-radiology/locations/us-central1/functions/apiProxy {"name":"projects/genai-radiology/locations/us-central1/functions/apiProxy","buildConfig":{"runtime":"nodejs20","entryPoint":"apiProxy","source":{"storageSource":{"bucket":"gcf-v2-uploads-287363541296.us-central1.cloudfunctions.appspot.com","object":"5f27ce79-ced2-4045-97aa-fe82e5dfe6eb.zip"}},"environmentVariables":{"GOOGLE_NODE_RUN_SCRIPTS":""}},"serviceConfig":{"environmentVariables":{"FIREBASE_CONFIG":"{\"projectId\":\"genai-radiology\",\"databaseURL\":\"https://genai-radiology-default-rtdb.firebaseio.com\",\"storageBucket\":\"genai-radiology.firebasestorage.app\"}","GCLOUD_PROJECT":"genai-radiology","EVENTARC_CLOUD_EVENT_SOURCE":"projects/genai-radiology/locations/us-central1/services/apiProxy","FUNCTION_TARGET":"apiProxy","LOG_EXECUTION_ID":"true"},"secretEnvironmentVariables":[{"key":"NGROK_BASE_URL","secret":"NGROK_BASE_URL","projectId":"genai-radiology","version":"1"},{"key":"NGROK_BASIC_AUTH","secret":"NGROK_BASIC_AUTH","projectId":"genai-radiology","version":"1"},{"key":"STUDY_USERNAME","secret":"STUDY_USERNAME","projectId":"genai-radiology","version":"1"},{"key":"STUDY_PASSWORD","secret":"STUDY_PASSWORD","projectId":"genai-radiology","version":"1"},{"key":"SESSION_SECRET","secret":"SESSION_SECRET","projectId":"genai-radiology","version":"1"}],"ingressSettings":null,"timeoutSeconds":540,"serviceAccountEmail":null,"availableMemory":"512Mi","minInstanceCount":null,"maxInstanceCount":null,"maxInstanceRequestConcurrency":80,"availableCpu":"1","vpcConnector":null,"vpcConnectorEgressSettings":null},"labels":{"deployment-tool":"cli-firebase","firebase-functions-hash":"ae83ea10696083ff57228025904b175d3baf8817"}}
[debug] [2026-04-25T00:19:15.988Z] <<< [apiv2][status] PATCH https://cloudfunctions.googleapis.com/v2/projects/genai-radiology/locations/us-central1/functions/apiProxy 200
[debug] [2026-04-25T00:19:15.988Z] <<< [apiv2][body] PATCH https://cloudfunctions.googleapis.com/v2/projects/genai-radiology/locations/us-central1/functions/apiProxy {"name":"projects/genai-radiology/locations/us-central1/operations/operation-1777076354751-6503dd4dd1a97-33b370a8-2fdf42f9","metadata":{"@type":"type.googleapis.com/google.cloud.functions.v2.OperationMetadata","createTime":"2026-04-25T00:19:15.955202540Z","target":"projects/genai-radiology/locations/us-central1/functions/apiProxy","verb":"update","cancelRequested":false,"apiVersion":"v2"},"done":false}
[debug] [2026-04-25T00:19:15.988Z] Checked if tokens are valid: true, expires at: 1777079367828
[debug] [2026-04-25T00:19:15.988Z] Checked if tokens are valid: true, expires at: 1777079367828
[debug] [2026-04-25T00:19:15.988Z] >>> [apiv2][query] GET https://cloudfunctions.googleapis.com/v2/projects/genai-radiology/locations/us-central1/operations/operation-1777076354751-6503dd4dd1a97-33b370a8-2fdf42f9 [none]
[debug] [2026-04-25T00:19:16.107Z] <<< [apiv2][status] GET https://cloudfunctions.googleapis.com/v2/projects/genai-radiology/locations/us-central1/operations/operation-1777076354751-6503dd4dd1a97-33b370a8-2fdf42f9 200
[debug] [2026-04-25T00:19:16.107Z] <<< [apiv2][body] GET https://cloudfunctions.googleapis.com/v2/projects/genai-radiology/locations/us-central1/operations/operation-1777076354751-6503dd4dd1a97-33b370a8-2fdf42f9 {"name":"projects/genai-radiology/locations/us-central1/operations/operation-1777076354751-6503dd4dd1a97-33b370a8-2fdf42f9","metadata":{"@type":"type.googleapis.com/google.cloud.functions.v2.OperationMetadata","createTime":"2026-04-25T00:19:15.955202540Z","target":"projects/genai-radiology/locations/us-central1/functions/apiProxy","verb":"update","cancelRequested":false,"apiVersion":"v2"},"done":false}
[debug] [2026-04-25T00:19:16.608Z] [update-default-us-central1-apiProxy] Retrying task index 0
[debug] [2026-04-25T00:19:16.608Z] Checked if tokens are valid: true, expires at: 1777079367828
[debug] [2026-04-25T00:19:16.608Z] Checked if tokens are valid: true, expires at: 1777079367828
[debug] [2026-04-25T00:19:16.608Z] >>> [apiv2][query] GET https://cloudfunctions.googleapis.com/v2/projects/genai-radiology/locations/us-central1/operations/operation-1777076354751-6503dd4dd1a97-33b370a8-2fdf42f9 [none]
[debug] [2026-04-25T00:19:16.706Z] <<< [apiv2][status] GET https://cloudfunctions.googleapis.com/v2/projects/genai-radiology/locations/us-central1/operations/operation-1777076354751-6503dd4dd1a97-33b370a8-2fdf42f9 200
[debug] [2026-04-25T00:19:16.706Z] <<< [apiv2][body] GET https://cloudfunctions.googleapis.com/v2/projects/genai-radiology/locations/us-central1/operations/operation-1777076354751-6503dd4dd1a97-33b370a8-2fdf42f9 {"name":"projects/genai-radiology/locations/us-central1/operations/operation-1777076354751-6503dd4dd1a97-33b370a8-2fdf42f9","metadata":{"@type":"type.googleapis.com/google.cloud.functions.v2.OperationMetadata","createTime":"2026-04-25T00:19:15.955202540Z","target":"projects/genai-radiology/locations/us-central1/functions/apiProxy","verb":"update","cancelRequested":false,"apiVersion":"v2","requestResource":{"@type":"type.googleapis.com/google.cloud.functions.v2.Function","name":"projects/genai-radiology/locations/us-central1/functions/apiProxy","buildConfig":{"runtime":"nodejs20","entryPoint":"apiProxy","source":{"storageSource":{"bucket":"gcf-v2-sources-287363541296-us-central1","object":"apiProxy/function-source.zip","generation":"1777076355886890"}},"environmentVariables":{"GOOGLE_NODE_RUN_SCRIPTS":""},"dockerRepository":"projects/genai-radiology/locations/us-central1/repositories/gcf-artifacts","sourceProvenance":{"resolvedStorageSource":{"bucket":"gcf-v2-sources-287363541296-us-central1","object":"apiProxy/function-source.zip","generation":"1771288524985938"}},"dockerRegistry":"ARTIFACT_REGISTRY","serviceAccount":"projects/genai-radiology/serviceAccounts/287363541296-compute@developer.gserviceaccount.com","automaticUpdatePolicy":{}},"serviceConfig":{"service":"projects/genai-radiology/locations/us-central1/services/apiproxy","timeoutSeconds":540,"environmentVariables":{"FIREBASE_CONFIG":"{\"projectId\":\"genai-radiology\",\"databaseURL\":\"https://genai-radiology-default-rtdb.firebaseio.com\",\"storageBucket\":\"genai-radiology.firebasestorage.app\"}","GCLOUD_PROJECT":"genai-radiology","EVENTARC_CLOUD_EVENT_SOURCE":"projects/genai-radiology/locations/us-central1/services/apiProxy","FUNCTION_TARGET":"apiProxy","LOG_EXECUTION_ID":"true"},"ingressSettings":"ALLOW_ALL","uri":"https://apiproxy-dtpids6azq-uc.a.run.app","serviceAccountEmail":"287363541296-compute@developer.gserviceaccount.com","availableMemory":"512Mi","allTrafficOnLatestRevision":true,"secretEnvironmentVariables":[{"key":"NGROK_BASE_URL","projectId":"genai-radiology","secret":"NGROK_BASE_URL","version":"1"},{"key":"NGROK_BASIC_AUTH","projectId":"genai-radiology","secret":"NGROK_BASIC_AUTH","version":"1"},{"key":"STUDY_USERNAME","projectId":"genai-radiology","secret":"STUDY_USERNAME","version":"1"},{"key":"STUDY_PASSWORD","projectId":"genai-radiology","secret":"STUDY_PASSWORD","version":"1"},{"key":"SESSION_SECRET","projectId":"genai-radiology","secret":"SESSION_SECRET","version":"1"}],"revision":"apiproxy-00005-pij","maxInstanceRequestConcurrency":80,"availableCpu":"1"},"state":"ACTIVE","labels":{"deployment-tool":"cli-firebase","firebase-functions-hash":"ae83ea10696083ff57228025904b175d3baf8817"},"environment":"GEN_2","url":"https://us-central1-genai-radiology.cloudfunctions.net/apiProxy","satisfiesPzi":true},"stages":[{"name":"BUILD","state":"NOT_STARTED","stateMessages":[{"severity":"WARNING","type":"BuildAnalysisWarning","message":"Node.js 20 is no longer supported by the Node.js community as of 30 April, 2026. Node.js 20 will be deprecated on 2026-04-30. We recommend you to upgrade to the latest version of Node.js as soon as possible."}]},{"name":"SERVICE","state":"NOT_STARTED"}],"operationType":"UPDATE_FUNCTION"},"done":false}
[debug] [2026-04-25T00:19:17.707Z] [update-default-us-central1-apiProxy] Retrying task index 0
[debug] [2026-04-25T00:19:17.707Z] Checked if tokens are valid: true, expires at: 1777079367828
[debug] [2026-04-25T00:19:17.707Z] Checked if tokens are valid: true, expires at: 1777079367828
[debug] [2026-04-25T00:19:17.707Z] >>> [apiv2][query] GET https://cloudfunctions.googleapis.com/v2/projects/genai-radiology/locations/us-central1/operations/operation-1777076354751-6503dd4dd1a97-33b370a8-2fdf42f9 [none]
[debug] [2026-04-25T00:19:17.773Z] <<< [apiv2][status] GET https://cloudfunctions.googleapis.com/v2/projects/genai-radiology/locations/us-central1/operations/operation-1777076354751-6503dd4dd1a97-33b370a8-2fdf42f9 200
[debug] [2026-04-25T00:19:17.773Z] <<< [apiv2][body] GET https://cloudfunctions.googleapis.com/v2/projects/genai-radiology/locations/us-central1/operations/operation-1777076354751-6503dd4dd1a97-33b370a8-2fdf42f9 {"name":"projects/genai-radiology/locations/us-central1/operations/operation-1777076354751-6503dd4dd1a97-33b370a8-2fdf42f9","metadata":{"@type":"type.googleapis.com/google.cloud.functions.v2.OperationMetadata","createTime":"2026-04-25T00:19:15.955202540Z","target":"projects/genai-radiology/locations/us-central1/functions/apiProxy","verb":"update","cancelRequested":false,"apiVersion":"v2","requestResource":{"@type":"type.googleapis.com/google.cloud.functions.v2.Function","name":"projects/genai-radiology/locations/us-central1/functions/apiProxy","buildConfig":{"runtime":"nodejs20","entryPoint":"apiProxy","source":{"storageSource":{"bucket":"gcf-v2-sources-287363541296-us-central1","object":"apiProxy/function-source.zip","generation":"1777076355886890"}},"environmentVariables":{"GOOGLE_NODE_RUN_SCRIPTS":""},"dockerRepository":"projects/genai-radiology/locations/us-central1/repositories/gcf-artifacts","sourceProvenance":{"resolvedStorageSource":{"bucket":"gcf-v2-sources-287363541296-us-central1","object":"apiProxy/function-source.zip","generation":"1771288524985938"}},"dockerRegistry":"ARTIFACT_REGISTRY","serviceAccount":"projects/genai-radiology/serviceAccounts/287363541296-compute@developer.gserviceaccount.com","automaticUpdatePolicy":{}},"serviceConfig":{"service":"projects/genai-radiology/locations/us-central1/services/apiproxy","timeoutSeconds":540,"environmentVariables":{"FIREBASE_CONFIG":"{\"projectId\":\"genai-radiology\",\"databaseURL\":\"https://genai-radiology-default-rtdb.firebaseio.com\",\"storageBucket\":\"genai-radiology.firebasestorage.app\"}","GCLOUD_PROJECT":"genai-radiology","EVENTARC_CLOUD_EVENT_SOURCE":"projects/genai-radiology/locations/us-central1/services/apiProxy","FUNCTION_TARGET":"apiProxy","LOG_EXECUTION_ID":"true"},"ingressSettings":"ALLOW_ALL","uri":"https://apiproxy-dtpids6azq-uc.a.run.app","serviceAccountEmail":"287363541296-compute@developer.gserviceaccount.com","availableMemory":"512Mi","allTrafficOnLatestRevision":true,"secretEnvironmentVariables":[{"key":"NGROK_BASE_URL","projectId":"genai-radiology","secret":"NGROK_BASE_URL","version":"1"},{"key":"NGROK_BASIC_AUTH","projectId":"genai-radiology","secret":"NGROK_BASIC_AUTH","version":"1"},{"key":"STUDY_USERNAME","projectId":"genai-radiology","secret":"STUDY_USERNAME","version":"1"},{"key":"STUDY_PASSWORD","projectId":"genai-radiology","secret":"STUDY_PASSWORD","version":"1"},{"key":"SESSION_SECRET","projectId":"genai-radiology","secret":"SESSION_SECRET","version":"1"}],"revision":"apiproxy-00005-pij","maxInstanceRequestConcurrency":80,"availableCpu":"1"},"state":"ACTIVE","labels":{"deployment-tool":"cli-firebase","firebase-functions-hash":"ae83ea10696083ff57228025904b175d3baf8817"},"environment":"GEN_2","url":"https://us-central1-genai-radiology.cloudfunctions.net/apiProxy","satisfiesPzi":true},"stages":[{"name":"BUILD","message":"Build in progress","state":"IN_PROGRESS","resource":"projects/287363541296/locations/us-central1/builds/aba78e5e-551f-48c8-8074-ef34020d8aeb","resourceUri":"https://console.cloud.google.com/cloud-build/builds;region=us-central1/aba78e5e-551f-48c8-8074-ef34020d8aeb?project=287363541296"},{"name":"SERVICE","state":"NOT_STARTED"}],"operationType":"UPDATE_FUNCTION","buildName":"projects/287363541296/locations/us-central1/builds/aba78e5e-551f-48c8-8074-ef34020d8aeb"},"done":false}
[debug] [2026-04-25T00:19:19.773Z] [update-default-us-central1-apiProxy] Retrying task index 0
[debug] [2026-04-25T00:19:19.773Z] Checked if tokens are valid: true, expires at: 1777079367828
[debug] [2026-04-25T00:19:19.774Z] Checked if tokens are valid: true, expires at: 1777079367828
[debug] [2026-04-25T00:19:19.774Z] >>> [apiv2][query] GET https://cloudfunctions.googleapis.com/v2/projects/genai-radiology/locations/us-central1/operations/operation-1777076354751-6503dd4dd1a97-33b370a8-2fdf42f9 [none]
[debug] [2026-04-25T00:19:20.005Z] <<< [apiv2][status] GET https://cloudfunctions.googleapis.com/v2/projects/genai-radiology/locations/us-central1/operations/operation-1777076354751-6503dd4dd1a97-33b370a8-2fdf42f9 200
[debug] [2026-04-25T00:19:20.005Z] <<< [apiv2][body] GET https://cloudfunctions.googleapis.com/v2/projects/genai-radiology/locations/us-central1/operations/operation-1777076354751-6503dd4dd1a97-33b370a8-2fdf42f9 {"name":"projects/genai-radiology/locations/us-central1/operations/operation-1777076354751-6503dd4dd1a97-33b370a8-2fdf42f9","metadata":{"@type":"type.googleapis.com/google.cloud.functions.v2.OperationMetadata","createTime":"2026-04-25T00:19:15.955202540Z","target":"projects/genai-radiology/locations/us-central1/functions/apiProxy","verb":"update","cancelRequested":false,"apiVersion":"v2","requestResource":{"@type":"type.googleapis.com/google.cloud.functions.v2.Function","name":"projects/genai-radiology/locations/us-central1/functions/apiProxy","buildConfig":{"runtime":"nodejs20","entryPoint":"apiProxy","source":{"storageSource":{"bucket":"gcf-v2-sources-287363541296-us-central1","object":"apiProxy/function-source.zip","generation":"1777076355886890"}},"environmentVariables":{"GOOGLE_NODE_RUN_SCRIPTS":""},"dockerRepository":"projects/genai-radiology/locations/us-central1/repositories/gcf-artifacts","sourceProvenance":{"resolvedStorageSource":{"bucket":"gcf-v2-sources-287363541296-us-central1","object":"apiProxy/function-source.zip","generation":"1771288524985938"}},"dockerRegistry":"ARTIFACT_REGISTRY","serviceAccount":"projects/genai-radiology/serviceAccounts/287363541296-compute@developer.gserviceaccount.com","automaticUpdatePolicy":{}},"serviceConfig":{"service":"projects/genai-radiology/locations/us-central1/services/apiproxy","timeoutSeconds":540,"environmentVariables":{"FIREBASE_CONFIG":"{\"projectId\":\"genai-radiology\",\"databaseURL\":\"https://genai-radiology-default-rtdb.firebaseio.com\",\"storageBucket\":\"genai-radiology.firebasestorage.app\"}","GCLOUD_PROJECT":"genai-radiology","EVENTARC_CLOUD_EVENT_SOURCE":"projects/genai-radiology/locations/us-central1/services/apiProxy","FUNCTION_TARGET":"apiProxy","LOG_EXECUTION_ID":"true"},"ingressSettings":"ALLOW_ALL","uri":"https://apiproxy-dtpids6azq-uc.a.run.app","serviceAccountEmail":"287363541296-compute@developer.gserviceaccount.com","availableMemory":"512Mi","allTrafficOnLatestRevision":true,"secretEnvironmentVariables":[{"key":"NGROK_BASE_URL","projectId":"genai-radiology","secret":"NGROK_BASE_URL","version":"1"},{"key":"NGROK_BASIC_AUTH","projectId":"genai-radiology","secret":"NGROK_BASIC_AUTH","version":"1"},{"key":"STUDY_USERNAME","projectId":"genai-radiology","secret":"STUDY_USERNAME","version":"1"},{"key":"STUDY_PASSWORD","projectId":"genai-radiology","secret":"STUDY_PASSWORD","version":"1"},{"key":"SESSION_SECRET","projectId":"genai-radiology","secret":"SESSION_SECRET","version":"1"}],"revision":"apiproxy-00005-pij","maxInstanceRequestConcurrency":80,"availableCpu":"1"},"state":"ACTIVE","labels":{"deployment-tool":"cli-firebase","firebase-functions-hash":"ae83ea10696083ff57228025904b175d3baf8817"},"environment":"GEN_2","url":"https://us-central1-genai-radiology.cloudfunctions.net/apiProxy","satisfiesPzi":true},"stages":[{"name":"BUILD","message":"Build in progress","state":"IN_PROGRESS","resource":"projects/287363541296/locations/us-central1/builds/aba78e5e-551f-48c8-8074-ef34020d8aeb","resourceUri":"https://console.cloud.google.com/cloud-build/builds;region=us-central1/aba78e5e-551f-48c8-8074-ef34020d8aeb?project=287363541296"},{"name":"SERVICE","state":"NOT_STARTED"}],"operationType":"UPDATE_FUNCTION","buildName":"projects/287363541296/locations/us-central1/builds/aba78e5e-551f-48c8-8074-ef34020d8aeb"},"done":false}
[debug] [2026-04-25T00:19:24.006Z] [update-default-us-central1-apiProxy] Retrying task index 0
[debug] [2026-04-25T00:19:24.006Z] Checked if tokens are valid: true, expires at: 1777079367828
[debug] [2026-04-25T00:19:24.006Z] Checked if tokens are valid: true, expires at: 1777079367828
[debug] [2026-04-25T00:19:24.006Z] >>> [apiv2][query] GET https://cloudfunctions.googleapis.com/v2/projects/genai-radiology/locations/us-central1/operations/operation-1777076354751-6503dd4dd1a97-33b370a8-2fdf42f9 [none]
[debug] [2026-04-25T00:19:24.124Z] <<< [apiv2][status] GET https://cloudfunctions.googleapis.com/v2/projects/genai-radiology/locations/us-central1/operations/operation-1777076354751-6503dd4dd1a97-33b370a8-2fdf42f9 200
[debug] [2026-04-25T00:19:24.124Z] <<< [apiv2][body] GET https://cloudfunctions.googleapis.com/v2/projects/genai-radiology/locations/us-central1/operations/operation-1777076354751-6503dd4dd1a97-33b370a8-2fdf42f9 {"name":"projects/genai-radiology/locations/us-central1/operations/operation-1777076354751-6503dd4dd1a97-33b370a8-2fdf42f9","metadata":{"@type":"type.googleapis.com/google.cloud.functions.v2.OperationMetadata","createTime":"2026-04-25T00:19:15.955202540Z","target":"projects/genai-radiology/locations/us-central1/functions/apiProxy","verb":"update","cancelRequested":false,"apiVersion":"v2","requestResource":{"@type":"type.googleapis.com/google.cloud.functions.v2.Function","name":"projects/genai-radiology/locations/us-central1/functions/apiProxy","buildConfig":{"runtime":"nodejs20","entryPoint":"apiProxy","source":{"storageSource":{"bucket":"gcf-v2-sources-287363541296-us-central1","object":"apiProxy/function-source.zip","generation":"1777076355886890"}},"environmentVariables":{"GOOGLE_NODE_RUN_SCRIPTS":""},"dockerRepository":"projects/genai-radiology/locations/us-central1/repositories/gcf-artifacts","sourceProvenance":{"resolvedStorageSource":{"bucket":"gcf-v2-sources-287363541296-us-central1","object":"apiProxy/function-source.zip","generation":"1771288524985938"}},"dockerRegistry":"ARTIFACT_REGISTRY","serviceAccount":"projects/genai-radiology/serviceAccounts/287363541296-compute@developer.gserviceaccount.com","automaticUpdatePolicy":{}},"serviceConfig":{"service":"projects/genai-radiology/locations/us-central1/services/apiproxy","timeoutSeconds":540,"environmentVariables":{"FIREBASE_CONFIG":"{\"projectId\":\"genai-radiology\",\"databaseURL\":\"https://genai-radiology-default-rtdb.firebaseio.com\",\"storageBucket\":\"genai-radiology.firebasestorage.app\"}","GCLOUD_PROJECT":"genai-radiology","EVENTARC_CLOUD_EVENT_SOURCE":"projects/genai-radiology/locations/us-central1/services/apiProxy","FUNCTION_TARGET":"apiProxy","LOG_EXECUTION_ID":"true"},"ingressSettings":"ALLOW_ALL","uri":"https://apiproxy-dtpids6azq-uc.a.run.app","serviceAccountEmail":"287363541296-compute@developer.gserviceaccount.com","availableMemory":"512Mi","allTrafficOnLatestRevision":true,"secretEnvironmentVariables":[{"key":"NGROK_BASE_URL","projectId":"genai-radiology","secret":"NGROK_BASE_URL","version":"1"},{"key":"NGROK_BASIC_AUTH","projectId":"genai-radiology","secret":"NGROK_BASIC_AUTH","version":"1"},{"key":"STUDY_USERNAME","projectId":"genai-radiology","secret":"STUDY_USERNAME","version":"1"},{"key":"STUDY_PASSWORD","projectId":"genai-radiology","secret":"STUDY_PASSWORD","version":"1"},{"key":"SESSION_SECRET","projectId":"genai-radiology","secret":"SESSION_SECRET","version":"1"}],"revision":"apiproxy-00005-pij","maxInstanceRequestConcurrency":80,"availableCpu":"1"},"state":"ACTIVE","labels":{"deployment-tool":"cli-firebase","firebase-functions-hash":"ae83ea10696083ff57228025904b175d3baf8817"},"environment":"GEN_2","url":"https://us-central1-genai-radiology.cloudfunctions.net/apiProxy","satisfiesPzi":true},"stages":[{"name":"BUILD","message":"Build in progress","state":"IN_PROGRESS","resource":"projects/287363541296/locations/us-central1/builds/aba78e5e-551f-48c8-8074-ef34020d8aeb","resourceUri":"https://console.cloud.google.com/cloud-build/builds;region=us-central1/aba78e5e-551f-48c8-8074-ef34020d8aeb?project=287363541296"},{"name":"SERVICE","state":"NOT_STARTED"}],"operationType":"UPDATE_FUNCTION","buildName":"projects/287363541296/locations/us-central1/builds/aba78e5e-551f-48c8-8074-ef34020d8aeb"},"done":false}
[debug] [2026-04-25T00:19:32.125Z] [update-default-us-central1-apiProxy] Retrying task index 0
[debug] [2026-04-25T00:19:32.126Z] Checked if tokens are valid: true, expires at: 1777079367828
[debug] [2026-04-25T00:19:32.126Z] Checked if tokens are valid: true, expires at: 1777079367828
[debug] [2026-04-25T00:19:32.126Z] >>> [apiv2][query] GET https://cloudfunctions.googleapis.com/v2/projects/genai-radiology/locations/us-central1/operations/operation-1777076354751-6503dd4dd1a97-33b370a8-2fdf42f9 [none]
[debug] [2026-04-25T00:19:32.410Z] <<< [apiv2][status] GET https://cloudfunctions.googleapis.com/v2/projects/genai-radiology/locations/us-central1/operations/operation-1777076354751-6503dd4dd1a97-33b370a8-2fdf42f9 200
[debug] [2026-04-25T00:19:32.410Z] <<< [apiv2][body] GET https://cloudfunctions.googleapis.com/v2/projects/genai-radiology/locations/us-central1/operations/operation-1777076354751-6503dd4dd1a97-33b370a8-2fdf42f9 {"name":"projects/genai-radiology/locations/us-central1/operations/operation-1777076354751-6503dd4dd1a97-33b370a8-2fdf42f9","metadata":{"@type":"type.googleapis.com/google.cloud.functions.v2.OperationMetadata","createTime":"2026-04-25T00:19:15.955202540Z","target":"projects/genai-radiology/locations/us-central1/functions/apiProxy","verb":"update","cancelRequested":false,"apiVersion":"v2","requestResource":{"@type":"type.googleapis.com/google.cloud.functions.v2.Function","name":"projects/genai-radiology/locations/us-central1/functions/apiProxy","buildConfig":{"runtime":"nodejs20","entryPoint":"apiProxy","source":{"storageSource":{"bucket":"gcf-v2-sources-287363541296-us-central1","object":"apiProxy/function-source.zip","generation":"1777076355886890"}},"environmentVariables":{"GOOGLE_NODE_RUN_SCRIPTS":""},"dockerRepository":"projects/genai-radiology/locations/us-central1/repositories/gcf-artifacts","sourceProvenance":{"resolvedStorageSource":{"bucket":"gcf-v2-sources-287363541296-us-central1","object":"apiProxy/function-source.zip","generation":"1771288524985938"}},"dockerRegistry":"ARTIFACT_REGISTRY","serviceAccount":"projects/genai-radiology/serviceAccounts/287363541296-compute@developer.gserviceaccount.com","automaticUpdatePolicy":{}},"serviceConfig":{"service":"projects/genai-radiology/locations/us-central1/services/apiproxy","timeoutSeconds":540,"environmentVariables":{"FIREBASE_CONFIG":"{\"projectId\":\"genai-radiology\",\"databaseURL\":\"https://genai-radiology-default-rtdb.firebaseio.com\",\"storageBucket\":\"genai-radiology.firebasestorage.app\"}","GCLOUD_PROJECT":"genai-radiology","EVENTARC_CLOUD_EVENT_SOURCE":"projects/genai-radiology/locations/us-central1/services/apiProxy","FUNCTION_TARGET":"apiProxy","LOG_EXECUTION_ID":"true"},"ingressSettings":"ALLOW_ALL","uri":"https://apiproxy-dtpids6azq-uc.a.run.app","serviceAccountEmail":"287363541296-compute@developer.gserviceaccount.com","availableMemory":"512Mi","allTrafficOnLatestRevision":true,"secretEnvironmentVariables":[{"key":"NGROK_BASE_URL","projectId":"genai-radiology","secret":"NGROK_BASE_URL","version":"1"},{"key":"NGROK_BASIC_AUTH","projectId":"genai-radiology","secret":"NGROK_BASIC_AUTH","version":"1"},{"key":"STUDY_USERNAME","projectId":"genai-radiology","secret":"STUDY_USERNAME","version":"1"},{"key":"STUDY_PASSWORD","projectId":"genai-radiology","secret":"STUDY_PASSWORD","version":"1"},{"key":"SESSION_SECRET","projectId":"genai-radiology","secret":"SESSION_SECRET","version":"1"}],"revision":"apiproxy-00005-pij","maxInstanceRequestConcurrency":80,"availableCpu":"1"},"state":"ACTIVE","labels":{"deployment-tool":"cli-firebase","firebase-functions-hash":"ae83ea10696083ff57228025904b175d3baf8817"},"environment":"GEN_2","url":"https://us-central1-genai-radiology.cloudfunctions.net/apiProxy","satisfiesPzi":true},"stages":[{"name":"BUILD","message":"Build in progress","state":"IN_PROGRESS","resource":"projects/287363541296/locations/us-central1/builds/aba78e5e-551f-48c8-8074-ef34020d8aeb","resourceUri":"https://console.cloud.google.com/cloud-build/builds;region=us-central1/aba78e5e-551f-48c8-8074-ef34020d8aeb?project=287363541296"},{"name":"SERVICE","state":"NOT_STARTED"}],"operationType":"UPDATE_FUNCTION","buildName":"projects/287363541296/locations/us-central1/builds/aba78e5e-551f-48c8-8074-ef34020d8aeb"},"done":false}
[debug] [2026-04-25T00:19:42.412Z] [update-default-us-central1-apiProxy] Retrying task index 0
[debug] [2026-04-25T00:19:42.413Z] Checked if tokens are valid: true, expires at: 1777079367828
[debug] [2026-04-25T00:19:42.413Z] Checked if tokens are valid: true, expires at: 1777079367828
[debug] [2026-04-25T00:19:42.414Z] >>> [apiv2][query] GET https://cloudfunctions.googleapis.com/v2/projects/genai-radiology/locations/us-central1/operations/operation-1777076354751-6503dd4dd1a97-33b370a8-2fdf42f9 [none]
[debug] [2026-04-25T00:19:42.702Z] <<< [apiv2][status] GET https://cloudfunctions.googleapis.com/v2/projects/genai-radiology/locations/us-central1/operations/operation-1777076354751-6503dd4dd1a97-33b370a8-2fdf42f9 200
[debug] [2026-04-25T00:19:42.702Z] <<< [apiv2][body] GET https://cloudfunctions.googleapis.com/v2/projects/genai-radiology/locations/us-central1/operations/operation-1777076354751-6503dd4dd1a97-33b370a8-2fdf42f9 {"name":"projects/genai-radiology/locations/us-central1/operations/operation-1777076354751-6503dd4dd1a97-33b370a8-2fdf42f9","metadata":{"@type":"type.googleapis.com/google.cloud.functions.v2.OperationMetadata","createTime":"2026-04-25T00:19:15.955202540Z","target":"projects/genai-radiology/locations/us-central1/functions/apiProxy","verb":"update","cancelRequested":false,"apiVersion":"v2","requestResource":{"@type":"type.googleapis.com/google.cloud.functions.v2.Function","name":"projects/genai-radiology/locations/us-central1/functions/apiProxy","buildConfig":{"runtime":"nodejs20","entryPoint":"apiProxy","source":{"storageSource":{"bucket":"gcf-v2-sources-287363541296-us-central1","object":"apiProxy/function-source.zip","generation":"1777076355886890"}},"environmentVariables":{"GOOGLE_NODE_RUN_SCRIPTS":""},"dockerRepository":"projects/genai-radiology/locations/us-central1/repositories/gcf-artifacts","sourceProvenance":{"resolvedStorageSource":{"bucket":"gcf-v2-sources-287363541296-us-central1","object":"apiProxy/function-source.zip","generation":"1771288524985938"}},"dockerRegistry":"ARTIFACT_REGISTRY","serviceAccount":"projects/genai-radiology/serviceAccounts/287363541296-compute@developer.gserviceaccount.com","automaticUpdatePolicy":{}},"serviceConfig":{"service":"projects/genai-radiology/locations/us-central1/services/apiproxy","timeoutSeconds":540,"environmentVariables":{"FIREBASE_CONFIG":"{\"projectId\":\"genai-radiology\",\"databaseURL\":\"https://genai-radiology-default-rtdb.firebaseio.com\",\"storageBucket\":\"genai-radiology.firebasestorage.app\"}","GCLOUD_PROJECT":"genai-radiology","EVENTARC_CLOUD_EVENT_SOURCE":"projects/genai-radiology/locations/us-central1/services/apiProxy","FUNCTION_TARGET":"apiProxy","LOG_EXECUTION_ID":"true"},"ingressSettings":"ALLOW_ALL","uri":"https://apiproxy-dtpids6azq-uc.a.run.app","serviceAccountEmail":"287363541296-compute@developer.gserviceaccount.com","availableMemory":"512Mi","allTrafficOnLatestRevision":true,"secretEnvironmentVariables":[{"key":"NGROK_BASE_URL","projectId":"genai-radiology","secret":"NGROK_BASE_URL","version":"1"},{"key":"NGROK_BASIC_AUTH","projectId":"genai-radiology","secret":"NGROK_BASIC_AUTH","version":"1"},{"key":"STUDY_USERNAME","projectId":"genai-radiology","secret":"STUDY_USERNAME","version":"1"},{"key":"STUDY_PASSWORD","projectId":"genai-radiology","secret":"STUDY_PASSWORD","version":"1"},{"key":"SESSION_SECRET","projectId":"genai-radiology","secret":"SESSION_SECRET","version":"1"}],"revision":"apiproxy-00005-pij","maxInstanceRequestConcurrency":80,"availableCpu":"1"},"state":"ACTIVE","labels":{"deployment-tool":"cli-firebase","firebase-functions-hash":"ae83ea10696083ff57228025904b175d3baf8817"},"environment":"GEN_2","url":"https://us-central1-genai-radiology.cloudfunctions.net/apiProxy","satisfiesPzi":true},"stages":[{"name":"BUILD","message":"Build in progress","state":"IN_PROGRESS","resource":"projects/287363541296/locations/us-central1/builds/aba78e5e-551f-48c8-8074-ef34020d8aeb","resourceUri":"https://console.cloud.google.com/cloud-build/builds;region=us-central1/aba78e5e-551f-48c8-8074-ef34020d8aeb?project=287363541296"},{"name":"SERVICE","state":"NOT_STARTED"}],"operationType":"UPDATE_FUNCTION","buildName":"projects/287363541296/locations/us-central1/builds/aba78e5e-551f-48c8-8074-ef34020d8aeb"},"done":false}
[debug] [2026-04-25T00:19:52.704Z] [update-default-us-central1-apiProxy] Retrying task index 0
[debug] [2026-04-25T00:19:52.704Z] Checked if tokens are valid: true, expires at: 1777079367828
[debug] [2026-04-25T00:19:52.705Z] Checked if tokens are valid: true, expires at: 1777079367828
[debug] [2026-04-25T00:19:52.705Z] >>> [apiv2][query] GET https://cloudfunctions.googleapis.com/v2/projects/genai-radiology/locations/us-central1/operations/operation-1777076354751-6503dd4dd1a97-33b370a8-2fdf42f9 [none]
[debug] [2026-04-25T00:19:52.991Z] <<< [apiv2][status] GET https://cloudfunctions.googleapis.com/v2/projects/genai-radiology/locations/us-central1/operations/operation-1777076354751-6503dd4dd1a97-33b370a8-2fdf42f9 200
[debug] [2026-04-25T00:19:52.991Z] <<< [apiv2][body] GET https://cloudfunctions.googleapis.com/v2/projects/genai-radiology/locations/us-central1/operations/operation-1777076354751-6503dd4dd1a97-33b370a8-2fdf42f9 {"name":"projects/genai-radiology/locations/us-central1/operations/operation-1777076354751-6503dd4dd1a97-33b370a8-2fdf42f9","metadata":{"@type":"type.googleapis.com/google.cloud.functions.v2.OperationMetadata","createTime":"2026-04-25T00:19:15.955202540Z","target":"projects/genai-radiology/locations/us-central1/functions/apiProxy","verb":"update","cancelRequested":false,"apiVersion":"v2","requestResource":{"@type":"type.googleapis.com/google.cloud.functions.v2.Function","name":"projects/genai-radiology/locations/us-central1/functions/apiProxy","buildConfig":{"runtime":"nodejs20","entryPoint":"apiProxy","source":{"storageSource":{"bucket":"gcf-v2-sources-287363541296-us-central1","object":"apiProxy/function-source.zip","generation":"1777076355886890"}},"environmentVariables":{"GOOGLE_NODE_RUN_SCRIPTS":""},"dockerRepository":"projects/genai-radiology/locations/us-central1/repositories/gcf-artifacts","sourceProvenance":{"resolvedStorageSource":{"bucket":"gcf-v2-sources-287363541296-us-central1","object":"apiProxy/function-source.zip","generation":"1771288524985938"}},"dockerRegistry":"ARTIFACT_REGISTRY","serviceAccount":"projects/genai-radiology/serviceAccounts/287363541296-compute@developer.gserviceaccount.com","automaticUpdatePolicy":{}},"serviceConfig":{"service":"projects/genai-radiology/locations/us-central1/services/apiproxy","timeoutSeconds":540,"environmentVariables":{"FIREBASE_CONFIG":"{\"projectId\":\"genai-radiology\",\"databaseURL\":\"https://genai-radiology-default-rtdb.firebaseio.com\",\"storageBucket\":\"genai-radiology.firebasestorage.app\"}","GCLOUD_PROJECT":"genai-radiology","EVENTARC_CLOUD_EVENT_SOURCE":"projects/genai-radiology/locations/us-central1/services/apiProxy","FUNCTION_TARGET":"apiProxy","LOG_EXECUTION_ID":"true"},"ingressSettings":"ALLOW_ALL","uri":"https://apiproxy-dtpids6azq-uc.a.run.app","serviceAccountEmail":"287363541296-compute@developer.gserviceaccount.com","availableMemory":"512Mi","allTrafficOnLatestRevision":true,"secretEnvironmentVariables":[{"key":"NGROK_BASE_URL","projectId":"genai-radiology","secret":"NGROK_BASE_URL","version":"1"},{"key":"NGROK_BASIC_AUTH","projectId":"genai-radiology","secret":"NGROK_BASIC_AUTH","version":"1"},{"key":"STUDY_USERNAME","projectId":"genai-radiology","secret":"STUDY_USERNAME","version":"1"},{"key":"STUDY_PASSWORD","projectId":"genai-radiology","secret":"STUDY_PASSWORD","version":"1"},{"key":"SESSION_SECRET","projectId":"genai-radiology","secret":"SESSION_SECRET","version":"1"}],"revision":"apiproxy-00005-pij","maxInstanceRequestConcurrency":80,"availableCpu":"1"},"state":"ACTIVE","labels":{"deployment-tool":"cli-firebase","firebase-functions-hash":"ae83ea10696083ff57228025904b175d3baf8817"},"environment":"GEN_2","url":"https://us-central1-genai-radiology.cloudfunctions.net/apiProxy","satisfiesPzi":true},"stages":[{"name":"BUILD","message":"Build in progress","state":"IN_PROGRESS","resource":"projects/287363541296/locations/us-central1/builds/aba78e5e-551f-48c8-8074-ef34020d8aeb","resourceUri":"https://console.cloud.google.com/cloud-build/builds;region=us-central1/aba78e5e-551f-48c8-8074-ef34020d8aeb?project=287363541296"},{"name":"SERVICE","state":"NOT_STARTED"}],"operationType":"UPDATE_FUNCTION","buildName":"projects/287363541296/locations/us-central1/builds/aba78e5e-551f-48c8-8074-ef34020d8aeb"},"done":false}
[debug] [2026-04-25T00:20:02.992Z] [update-default-us-central1-apiProxy] Retrying task index 0
[debug] [2026-04-25T00:20:02.993Z] Checked if tokens are valid: true, expires at: 1777079367828
[debug] [2026-04-25T00:20:02.993Z] Checked if tokens are valid: true, expires at: 1777079367828
[debug] [2026-04-25T00:20:02.993Z] >>> [apiv2][query] GET https://cloudfunctions.googleapis.com/v2/projects/genai-radiology/locations/us-central1/operations/operation-1777076354751-6503dd4dd1a97-33b370a8-2fdf42f9 [none]
[debug] [2026-04-25T00:20:03.125Z] <<< [apiv2][status] GET https://cloudfunctions.googleapis.com/v2/projects/genai-radiology/locations/us-central1/operations/operation-1777076354751-6503dd4dd1a97-33b370a8-2fdf42f9 200
[debug] [2026-04-25T00:20:03.125Z] <<< [apiv2][body] GET https://cloudfunctions.googleapis.com/v2/projects/genai-radiology/locations/us-central1/operations/operation-1777076354751-6503dd4dd1a97-33b370a8-2fdf42f9 {"name":"projects/genai-radiology/locations/us-central1/operations/operation-1777076354751-6503dd4dd1a97-33b370a8-2fdf42f9","metadata":{"@type":"type.googleapis.com/google.cloud.functions.v2.OperationMetadata","createTime":"2026-04-25T00:19:15.955202540Z","target":"projects/genai-radiology/locations/us-central1/functions/apiProxy","verb":"update","cancelRequested":false,"apiVersion":"v2","requestResource":{"@type":"type.googleapis.com/google.cloud.functions.v2.Function","name":"projects/genai-radiology/locations/us-central1/functions/apiProxy","buildConfig":{"runtime":"nodejs20","entryPoint":"apiProxy","source":{"storageSource":{"bucket":"gcf-v2-sources-287363541296-us-central1","object":"apiProxy/function-source.zip","generation":"1777076355886890"}},"environmentVariables":{"GOOGLE_NODE_RUN_SCRIPTS":""},"dockerRepository":"projects/genai-radiology/locations/us-central1/repositories/gcf-artifacts","sourceProvenance":{"resolvedStorageSource":{"bucket":"gcf-v2-sources-287363541296-us-central1","object":"apiProxy/function-source.zip","generation":"1771288524985938"}},"dockerRegistry":"ARTIFACT_REGISTRY","serviceAccount":"projects/genai-radiology/serviceAccounts/287363541296-compute@developer.gserviceaccount.com","automaticUpdatePolicy":{}},"serviceConfig":{"service":"projects/genai-radiology/locations/us-central1/services/apiproxy","timeoutSeconds":540,"environmentVariables":{"FIREBASE_CONFIG":"{\"projectId\":\"genai-radiology\",\"databaseURL\":\"https://genai-radiology-default-rtdb.firebaseio.com\",\"storageBucket\":\"genai-radiology.firebasestorage.app\"}","GCLOUD_PROJECT":"genai-radiology","EVENTARC_CLOUD_EVENT_SOURCE":"projects/genai-radiology/locations/us-central1/services/apiProxy","FUNCTION_TARGET":"apiProxy","LOG_EXECUTION_ID":"true"},"ingressSettings":"ALLOW_ALL","uri":"https://apiproxy-dtpids6azq-uc.a.run.app","serviceAccountEmail":"287363541296-compute@developer.gserviceaccount.com","availableMemory":"512Mi","allTrafficOnLatestRevision":true,"secretEnvironmentVariables":[{"key":"NGROK_BASE_URL","projectId":"genai-radiology","secret":"NGROK_BASE_URL","version":"1"},{"key":"NGROK_BASIC_AUTH","projectId":"genai-radiology","secret":"NGROK_BASIC_AUTH","version":"1"},{"key":"STUDY_USERNAME","projectId":"genai-radiology","secret":"STUDY_USERNAME","version":"1"},{"key":"STUDY_PASSWORD","projectId":"genai-radiology","secret":"STUDY_PASSWORD","version":"1"},{"key":"SESSION_SECRET","projectId":"genai-radiology","secret":"SESSION_SECRET","version":"1"}],"revision":"apiproxy-00005-pij","maxInstanceRequestConcurrency":80,"availableCpu":"1"},"state":"ACTIVE","labels":{"deployment-tool":"cli-firebase","firebase-functions-hash":"ae83ea10696083ff57228025904b175d3baf8817"},"environment":"GEN_2","url":"https://us-central1-genai-radiology.cloudfunctions.net/apiProxy","satisfiesPzi":true},"stages":[{"name":"BUILD","message":"Build in progress","state":"IN_PROGRESS","resource":"projects/287363541296/locations/us-central1/builds/aba78e5e-551f-48c8-8074-ef34020d8aeb","resourceUri":"https://console.cloud.google.com/cloud-build/builds;region=us-central1/aba78e5e-551f-48c8-8074-ef34020d8aeb?project=287363541296"},{"name":"SERVICE","state":"NOT_STARTED"}],"operationType":"UPDATE_FUNCTION","buildName":"projects/287363541296/locations/us-central1/builds/aba78e5e-551f-48c8-8074-ef34020d8aeb"},"done":false}
[debug] [2026-04-25T00:20:13.126Z] [update-default-us-central1-apiProxy] Retrying task index 0
[debug] [2026-04-25T00:20:13.126Z] Checked if tokens are valid: true, expires at: 1777079367828
[debug] [2026-04-25T00:20:13.126Z] Checked if tokens are valid: true, expires at: 1777079367828
[debug] [2026-04-25T00:20:13.127Z] >>> [apiv2][query] GET https://cloudfunctions.googleapis.com/v2/projects/genai-radiology/locations/us-central1/operations/operation-1777076354751-6503dd4dd1a97-33b370a8-2fdf42f9 [none]
[debug] [2026-04-25T00:20:13.419Z] <<< [apiv2][status] GET https://cloudfunctions.googleapis.com/v2/projects/genai-radiology/locations/us-central1/operations/operation-1777076354751-6503dd4dd1a97-33b370a8-2fdf42f9 200
[debug] [2026-04-25T00:20:13.419Z] <<< [apiv2][body] GET https://cloudfunctions.googleapis.com/v2/projects/genai-radiology/locations/us-central1/operations/operation-1777076354751-6503dd4dd1a97-33b370a8-2fdf42f9 {"name":"projects/genai-radiology/locations/us-central1/operations/operation-1777076354751-6503dd4dd1a97-33b370a8-2fdf42f9","metadata":{"@type":"type.googleapis.com/google.cloud.functions.v2.OperationMetadata","createTime":"2026-04-25T00:19:15.955202540Z","target":"projects/genai-radiology/locations/us-central1/functions/apiProxy","verb":"update","cancelRequested":false,"apiVersion":"v2","requestResource":{"@type":"type.googleapis.com/google.cloud.functions.v2.Function","name":"projects/genai-radiology/locations/us-central1/functions/apiProxy","buildConfig":{"runtime":"nodejs20","entryPoint":"apiProxy","source":{"storageSource":{"bucket":"gcf-v2-sources-287363541296-us-central1","object":"apiProxy/function-source.zip","generation":"1777076355886890"}},"environmentVariables":{"GOOGLE_NODE_RUN_SCRIPTS":""},"dockerRepository":"projects/genai-radiology/locations/us-central1/repositories/gcf-artifacts","sourceProvenance":{"resolvedStorageSource":{"bucket":"gcf-v2-sources-287363541296-us-central1","object":"apiProxy/function-source.zip","generation":"1771288524985938"}},"dockerRegistry":"ARTIFACT_REGISTRY","serviceAccount":"projects/genai-radiology/serviceAccounts/287363541296-compute@developer.gserviceaccount.com","automaticUpdatePolicy":{}},"serviceConfig":{"service":"projects/genai-radiology/locations/us-central1/services/apiproxy","timeoutSeconds":540,"environmentVariables":{"FIREBASE_CONFIG":"{\"projectId\":\"genai-radiology\",\"databaseURL\":\"https://genai-radiology-default-rtdb.firebaseio.com\",\"storageBucket\":\"genai-radiology.firebasestorage.app\"}","GCLOUD_PROJECT":"genai-radiology","EVENTARC_CLOUD_EVENT_SOURCE":"projects/genai-radiology/locations/us-central1/services/apiProxy","FUNCTION_TARGET":"apiProxy","LOG_EXECUTION_ID":"true"},"ingressSettings":"ALLOW_ALL","uri":"https://apiproxy-dtpids6azq-uc.a.run.app","serviceAccountEmail":"287363541296-compute@developer.gserviceaccount.com","availableMemory":"512Mi","allTrafficOnLatestRevision":true,"secretEnvironmentVariables":[{"key":"NGROK_BASE_URL","projectId":"genai-radiology","secret":"NGROK_BASE_URL","version":"1"},{"key":"NGROK_BASIC_AUTH","projectId":"genai-radiology","secret":"NGROK_BASIC_AUTH","version":"1"},{"key":"STUDY_USERNAME","projectId":"genai-radiology","secret":"STUDY_USERNAME","version":"1"},{"key":"STUDY_PASSWORD","projectId":"genai-radiology","secret":"STUDY_PASSWORD","version":"1"},{"key":"SESSION_SECRET","projectId":"genai-radiology","secret":"SESSION_SECRET","version":"1"}],"revision":"apiproxy-00005-pij","maxInstanceRequestConcurrency":80,"availableCpu":"1"},"state":"ACTIVE","labels":{"deployment-tool":"cli-firebase","firebase-functions-hash":"ae83ea10696083ff57228025904b175d3baf8817"},"environment":"GEN_2","url":"https://us-central1-genai-radiology.cloudfunctions.net/apiProxy","satisfiesPzi":true},"stages":[{"name":"BUILD","message":"Build finished","state":"COMPLETE","resource":"projects/287363541296/locations/us-central1/builds/aba78e5e-551f-48c8-8074-ef34020d8aeb","resourceUri":"https://console.cloud.google.com/cloud-build/builds;region=us-central1/aba78e5e-551f-48c8-8074-ef34020d8aeb?project=287363541296"},{"name":"SERVICE","message":"Updating Cloud Run service","state":"IN_PROGRESS","resource":"projects/genai-radiology/locations/us-central1/services/apiproxy","resourceUri":"https://console.cloud.google.com/run/detail/us-central1/apiproxy?project=genai-radiology","stateMessages":[{"severity":"INFO","type":"CloudRunServiceNewRevisionTrafficInfo","message":"A new revision will be deployed serving with 100% traffic."}]}],"sourceToken":"Cldwcm9qZWN0cy8yODczNjM1NDEyOTYvbG9jYXRpb25zL3VzLWNlbnRyYWwxL2J1aWxkcy9hYmE3OGU1ZS01NTFmLTQ4YzgtODA3NC1lZjM0MDIwZDhhZWISbHVzLWNlbnRyYWwxLWRvY2tlci5wa2cuZGV2L2dlbmFpLXJhZGlvbG9neS9nY2YtYXJ0aWZhY3RzL2dlbmFpLS1yYWRpb2xvZ3lfX3VzLS1jZW50cmFsMV9fYXBpX3Byb3h5OnZlcnNpb25fMRiw0s7BrggiQXByb2plY3RzL2dlbmFpLXJhZGlvbG9neS9sb2NhdGlvbnMvdXMtY2VudHJhbDEvZnVuY3Rpb25zL2FwaVByb3h5KgsIu5GwzwYQkJudeTIIbm9kZWpzMjA6dgojZ2NyLmlvL2dhZS1ydW50aW1lcy9ub2RlanMyMDpzdGFibGUST3VzLWNlbnRyYWwxLWRvY2tlci5wa2cuZGV2L3NlcnZlcmxlc3MtcnVudGltZXMvZ29vZ2xlLTIyLWZ1bGwvcnVudGltZXMvbm9kZWpzMjBAAQ==","operationType":"UPDATE_FUNCTION","buildName":"projects/287363541296/locations/us-central1/builds/aba78e5e-551f-48c8-8074-ef34020d8aeb"},"done":false}
[debug] [2026-04-25T00:20:13.420Z] Got source token Cldwcm9qZWN0cy8yODczNjM1NDEyOTYvbG9jYXRpb25zL3VzLWNlbnRyYWwxL2J1aWxkcy9hYmE3OGU1ZS01NTFmLTQ4YzgtODA3NC1lZjM0MDIwZDhhZWISbHVzLWNlbnRyYWwxLWRvY2tlci5wa2cuZGV2L2dlbmFpLXJhZGlvbG9neS9nY2YtYXJ0aWZhY3RzL2dlbmFpLS1yYWRpb2xvZ3lfX3VzLS1jZW50cmFsMV9fYXBpX3Byb3h5OnZlcnNpb25fMRiw0s7BrggiQXByb2plY3RzL2dlbmFpLXJhZGlvbG9neS9sb2NhdGlvbnMvdXMtY2VudHJhbDEvZnVuY3Rpb25zL2FwaVByb3h5KgsIu5GwzwYQkJudeTIIbm9kZWpzMjA6dgojZ2NyLmlvL2dhZS1ydW50aW1lcy9ub2RlanMyMDpzdGFibGUST3VzLWNlbnRyYWwxLWRvY2tlci5wa2cuZGV2L3NlcnZlcmxlc3MtcnVudGltZXMvZ29vZ2xlLTIyLWZ1bGwvcnVudGltZXMvbm9kZWpzMjBAAQ== for region us-central1
[debug] [2026-04-25T00:20:23.422Z] [update-default-us-central1-apiProxy] Retrying task index 0
[debug] [2026-04-25T00:20:23.423Z] Checked if tokens are valid: true, expires at: 1777079367828
[debug] [2026-04-25T00:20:23.423Z] Checked if tokens are valid: true, expires at: 1777079367828
[debug] [2026-04-25T00:20:23.423Z] >>> [apiv2][query] GET https://cloudfunctions.googleapis.com/v2/projects/genai-radiology/locations/us-central1/operations/operation-1777076354751-6503dd4dd1a97-33b370a8-2fdf42f9 [none]
[debug] [2026-04-25T00:20:23.724Z] <<< [apiv2][status] GET https://cloudfunctions.googleapis.com/v2/projects/genai-radiology/locations/us-central1/operations/operation-1777076354751-6503dd4dd1a97-33b370a8-2fdf42f9 200
[debug] [2026-04-25T00:20:23.724Z] <<< [apiv2][body] GET https://cloudfunctions.googleapis.com/v2/projects/genai-radiology/locations/us-central1/operations/operation-1777076354751-6503dd4dd1a97-33b370a8-2fdf42f9 {"name":"projects/genai-radiology/locations/us-central1/operations/operation-1777076354751-6503dd4dd1a97-33b370a8-2fdf42f9","metadata":{"@type":"type.googleapis.com/google.cloud.functions.v2.OperationMetadata","createTime":"2026-04-25T00:19:15.955202540Z","endTime":"2026-04-25T00:20:19.994536400Z","target":"projects/genai-radiology/locations/us-central1/functions/apiProxy","verb":"update","cancelRequested":false,"apiVersion":"v2","requestResource":{"@type":"type.googleapis.com/google.cloud.functions.v2.Function","name":"projects/genai-radiology/locations/us-central1/functions/apiProxy","buildConfig":{"runtime":"nodejs20","entryPoint":"apiProxy","source":{"storageSource":{"bucket":"gcf-v2-sources-287363541296-us-central1","object":"apiProxy/function-source.zip","generation":"1777076355886890"}},"environmentVariables":{"GOOGLE_NODE_RUN_SCRIPTS":""},"dockerRepository":"projects/genai-radiology/locations/us-central1/repositories/gcf-artifacts","sourceProvenance":{"resolvedStorageSource":{"bucket":"gcf-v2-sources-287363541296-us-central1","object":"apiProxy/function-source.zip","generation":"1771288524985938"}},"dockerRegistry":"ARTIFACT_REGISTRY","serviceAccount":"projects/genai-radiology/serviceAccounts/287363541296-compute@developer.gserviceaccount.com","automaticUpdatePolicy":{}},"serviceConfig":{"service":"projects/genai-radiology/locations/us-central1/services/apiproxy","timeoutSeconds":540,"environmentVariables":{"FIREBASE_CONFIG":"{\"projectId\":\"genai-radiology\",\"databaseURL\":\"https://genai-radiology-default-rtdb.firebaseio.com\",\"storageBucket\":\"genai-radiology.firebasestorage.app\"}","GCLOUD_PROJECT":"genai-radiology","EVENTARC_CLOUD_EVENT_SOURCE":"projects/genai-radiology/locations/us-central1/services/apiProxy","FUNCTION_TARGET":"apiProxy","LOG_EXECUTION_ID":"true"},"ingressSettings":"ALLOW_ALL","uri":"https://apiproxy-dtpids6azq-uc.a.run.app","serviceAccountEmail":"287363541296-compute@developer.gserviceaccount.com","availableMemory":"512Mi","allTrafficOnLatestRevision":true,"secretEnvironmentVariables":[{"key":"NGROK_BASE_URL","projectId":"genai-radiology","secret":"NGROK_BASE_URL","version":"1"},{"key":"NGROK_BASIC_AUTH","projectId":"genai-radiology","secret":"NGROK_BASIC_AUTH","version":"1"},{"key":"STUDY_USERNAME","projectId":"genai-radiology","secret":"STUDY_USERNAME","version":"1"},{"key":"STUDY_PASSWORD","projectId":"genai-radiology","secret":"STUDY_PASSWORD","version":"1"},{"key":"SESSION_SECRET","projectId":"genai-radiology","secret":"SESSION_SECRET","version":"1"}],"revision":"apiproxy-00005-pij","maxInstanceRequestConcurrency":80,"availableCpu":"1"},"state":"ACTIVE","labels":{"deployment-tool":"cli-firebase","firebase-functions-hash":"ae83ea10696083ff57228025904b175d3baf8817"},"environment":"GEN_2","url":"https://us-central1-genai-radiology.cloudfunctions.net/apiProxy","satisfiesPzi":true},"stages":[{"name":"BUILD","message":"Build finished","state":"COMPLETE","resource":"projects/287363541296/locations/us-central1/builds/aba78e5e-551f-48c8-8074-ef34020d8aeb","resourceUri":"https://console.cloud.google.com/cloud-build/builds;region=us-central1/aba78e5e-551f-48c8-8074-ef34020d8aeb?project=287363541296"},{"name":"SERVICE","message":"Updating Cloud Run service","state":"COMPLETE","resource":"projects/genai-radiology/locations/us-central1/services/apiproxy","resourceUri":"https://console.cloud.google.com/run/detail/us-central1/apiproxy?project=genai-radiology","stateMessages":[{"severity":"INFO","type":"CloudRunServiceNewRevisionTrafficInfo","message":"A new revision will be deployed serving with 100% traffic."}]}],"sourceToken":"Cldwcm9qZWN0cy8yODczNjM1NDEyOTYvbG9jYXRpb25zL3VzLWNlbnRyYWwxL2J1aWxkcy9hYmE3OGU1ZS01NTFmLTQ4YzgtODA3NC1lZjM0MDIwZDhhZWISbHVzLWNlbnRyYWwxLWRvY2tlci5wa2cuZGV2L2dlbmFpLXJhZGlvbG9neS9nY2YtYXJ0aWZhY3RzL2dlbmFpLS1yYWRpb2xvZ3lfX3VzLS1jZW50cmFsMV9fYXBpX3Byb3h5OnZlcnNpb25fMRiw0s7BrggiQXByb2plY3RzL2dlbmFpLXJhZGlvbG9neS9sb2NhdGlvbnMvdXMtY2VudHJhbDEvZnVuY3Rpb25zL2FwaVByb3h5KgsIu5GwzwYQkJudeTIIbm9kZWpzMjA6dgojZ2NyLmlvL2dhZS1ydW50aW1lcy9ub2RlanMyMDpzdGFibGUST3VzLWNlbnRyYWwxLWRvY2tlci5wa2cuZGV2L3NlcnZlcmxlc3MtcnVudGltZXMvZ29vZ2xlLTIyLWZ1bGwvcnVudGltZXMvbm9kZWpzMjBAAQ==","operationType":"UPDATE_FUNCTION","buildName":"projects/287363541296/locations/us-central1/builds/aba78e5e-551f-48c8-8074-ef34020d8aeb"},"done":true,"response":{"@type":"type.googleapis.com/google.cloud.functions.v2.Function","name":"projects/genai-radiology/locations/us-central1/functions/apiProxy","buildConfig":{"build":"projects/287363541296/locations/us-central1/builds/aba78e5e-551f-48c8-8074-ef34020d8aeb","runtime":"nodejs20","entryPoint":"apiProxy","source":{"storageSource":{"bucket":"gcf-v2-sources-287363541296-us-central1","object":"apiProxy/function-source.zip","generation":"1777076355886890"}},"environmentVariables":{"GOOGLE_NODE_RUN_SCRIPTS":""},"dockerRepository":"projects/genai-radiology/locations/us-central1/repositories/gcf-artifacts","sourceProvenance":{"resolvedStorageSource":{"bucket":"gcf-v2-sources-287363541296-us-central1","object":"apiProxy/function-source.zip","generation":"1777076355886890"}},"dockerRegistry":"ARTIFACT_REGISTRY","serviceAccount":"projects/genai-radiology/serviceAccounts/287363541296-compute@developer.gserviceaccount.com","automaticUpdatePolicy":{}},"serviceConfig":{"service":"projects/genai-radiology/locations/us-central1/services/apiproxy","timeoutSeconds":540,"environmentVariables":{"FIREBASE_CONFIG":"{\"projectId\":\"genai-radiology\",\"databaseURL\":\"https://genai-radiology-default-rtdb.firebaseio.com\",\"storageBucket\":\"genai-radiology.firebasestorage.app\"}","GCLOUD_PROJECT":"genai-radiology","EVENTARC_CLOUD_EVENT_SOURCE":"projects/genai-radiology/locations/us-central1/services/apiProxy","FUNCTION_TARGET":"apiProxy","LOG_EXECUTION_ID":"true"},"maxInstanceCount":20,"ingressSettings":"ALLOW_ALL","uri":"https://apiproxy-dtpids6azq-uc.a.run.app","serviceAccountEmail":"287363541296-compute@developer.gserviceaccount.com","availableMemory":"512Mi","allTrafficOnLatestRevision":true,"secretEnvironmentVariables":[{"key":"NGROK_BASE_URL","projectId":"genai-radiology","secret":"NGROK_BASE_URL","version":"1"},{"key":"NGROK_BASIC_AUTH","projectId":"genai-radiology","secret":"NGROK_BASIC_AUTH","version":"1"},{"key":"STUDY_USERNAME","projectId":"genai-radiology","secret":"STUDY_USERNAME","version":"1"},{"key":"STUDY_PASSWORD","projectId":"genai-radiology","secret":"STUDY_PASSWORD","version":"1"},{"key":"SESSION_SECRET","projectId":"genai-radiology","secret":"SESSION_SECRET","version":"1"}],"revision":"apiproxy-00006-ges","maxInstanceRequestConcurrency":80,"availableCpu":"1"},"state":"ACTIVE","updateTime":"2026-04-25T00:19:15.957655152Z","labels":{"deployment-tool":"cli-firebase","firebase-functions-hash":"ae83ea10696083ff57228025904b175d3baf8817"},"environment":"GEN_2","url":"https://us-central1-genai-radiology.cloudfunctions.net/apiProxy","createTime":"2026-02-16T22:53:10.766305392Z","satisfiesPzi":true}}
[debug] [2026-04-25T00:20:23.724Z] Got source token Cldwcm9qZWN0cy8yODczNjM1NDEyOTYvbG9jYXRpb25zL3VzLWNlbnRyYWwxL2J1aWxkcy9hYmE3OGU1ZS01NTFmLTQ4YzgtODA3NC1lZjM0MDIwZDhhZWISbHVzLWNlbnRyYWwxLWRvY2tlci5wa2cuZGV2L2dlbmFpLXJhZGlvbG9neS9nY2YtYXJ0aWZhY3RzL2dlbmFpLS1yYWRpb2xvZ3lfX3VzLS1jZW50cmFsMV9fYXBpX3Byb3h5OnZlcnNpb25fMRiw0s7BrggiQXByb2plY3RzL2dlbmFpLXJhZGlvbG9neS9sb2NhdGlvbnMvdXMtY2VudHJhbDEvZnVuY3Rpb25zL2FwaVByb3h5KgsIu5GwzwYQkJudeTIIbm9kZWpzMjA6dgojZ2NyLmlvL2dhZS1ydW50aW1lcy9ub2RlanMyMDpzdGFibGUST3VzLWNlbnRyYWwxLWRvY2tlci5wa2cuZGV2L3NlcnZlcmxlc3MtcnVudGltZXMvZ29vZ2xlLTIyLWZ1bGwvcnVudGltZXMvbm9kZWpzMjBAAQ== for region us-central1
[info] ✔  functions[apiProxy(us-central1)] Successful update operation. 
[debug] [2026-04-25T00:20:23.730Z] Total Function Deployment time: 69064
[debug] [2026-04-25T00:20:23.730Z] 1 Functions Deployed
[debug] [2026-04-25T00:20:23.730Z] 0 Functions Errored
[debug] [2026-04-25T00:20:23.730Z] 0 Function Deployments Aborted
[debug] [2026-04-25T00:20:23.730Z] Average Function Deployment time: 69064
[info] Function URL (apiProxy(us-central1)): https://apiproxy-dtpids6azq-uc.a.run.app
[debug] [2026-04-25T00:20:23.733Z] Checked if tokens are valid: true, expires at: 1777079367828
[debug] [2026-04-25T00:20:23.734Z] Checked if tokens are valid: true, expires at: 1777079367828
[debug] [2026-04-25T00:20:23.734Z] >>> [apiv2][query] GET https://artifactregistry.googleapis.com/v1/projects/genai-radiology/locations/us-central1/repositories/gcf-artifacts [none]
[debug] [2026-04-25T00:20:24.083Z] <<< [apiv2][status] GET https://artifactregistry.googleapis.com/v1/projects/genai-radiology/locations/us-central1/repositories/gcf-artifacts 200
